UserID,FirstName,LastName,Age,Sex,Email,Mobile,Address,City,State,Zip
1,Christine,Wrathmall,14,Female,cwrathmall0@vistaprint.com,253-156-5778,PO Box 10053,Tacoma,Washington,98405
2,Elliott,Gyenes,86,Male,egyenes1@gravatar.com,214-822-6805,PO Box 65337,Dallas,Texas,75372
3,Kellsie,Start,16,Female,kstart2@delicious.com,508-911-4834,Suite 22,Brockton,Massachusetts,2405
4,Carin,Biddell,79,Female,cbiddell3@aol.com,206-151-7861,Apt 1446,Seattle,Washington,98185
5,Leon,Zaple,19,Male,lzaple4@tinypic.com,571-125-0977,19th Floor,Merrifield,Virginia,22119
6,Sara-ann,Watson,20,Female,swatson5@xing.com,480-873-7917,Suite 39,Phoenix,Arizona,85005
7,Christen,Crim,18,Female,ccrim6@nymag.com,713-393-6653,Apt 1075,Houston,Texas,77266
8,Bev,Lansley,89,Male,blansley7@imageshack.us,585-176-7465,Apt 268,Rochester,New York,14624
9,Mallory,Brehat,22,Male,mbrehat8@yolasite.com,909-609-0130,Room 916,Riverside,California,92505
10,Winthrop,O' Hogan,53,Male,wohogan9@51.la,317-541-9495,Room 1094,Indianapolis,Indiana,46295
11,Ettie,Keller,72,Female,ekellera@pbs.org,713-155-5021,3rd Floor,Houston,Texas,77090
12,Mehetabel,Bouchard,20,Female,mbouchardb@symantec.com,318-778-1696,PO Box 3346,Shreveport,Louisiana,71151
13,Corly,Capaldo,78,Other,ccapaldoc@mozilla.org,614-541-1887,Room 1017,Columbus,Ohio,43210
14,Goober,Gullane,98,Male,ggullaned@dion.ne.jp,443-505-6094,Suite 47,Baltimore,Maryland,21211
15,Falito,Eglise,75,Male,feglisee@oaic.gov.au,212-627-7941,Suite 33,New York City,New York,10280
16,Brietta,Bloys,66,Female,bbloysf@a8.net,810-330-9178,PO Box 73318,Flint,Michigan,48550
17,Gertruda,Klicher,63,Female,gklicherg@washington.edu,614-937-1166,PO Box 14021,Columbus,Ohio,43231
18,Brucie,Schapiro,68,Male,bschapiroh@hibu.com,402-290-7746,18th Floor,Omaha,Nebraska,68124
19,Garrott,Pimbley,89,Male,gpimbleyi@nih.gov,602-465-0882,Room 1059,Phoenix,Arizona,85072
20,Winna,Potbury,40,Female,wpotburyj@hud.gov,212-538-5084,Apt 481,New York City,New York,10292
21,Hubert,Victor,21,Male,hvictork@artisteer.com,614-182-4373,16th Floor,Columbus,Ohio,43220
22,Ivie,Iacobo,70,Female,iiacobol@yandex.ru,202-741-0297,10th Floor,Washington,District of Columbia,20503
23,Maire,McCuthais,68,Female,mmccuthaism@state.tx.us,901-509-3525,Apt 1693,Memphis,Tennessee,38181
24,Gusty,Cazereau,73,Other,gcazereaun@unblog.fr,215-548-1592,Suite 18,Philadelphia,Pennsylvania,19146
25,Tito,Perocci,80,Male,tperoccio@marriott.com,850-257-6118,PO Box 25723,Pensacola,Florida,32520
26,Charil,Peace,91,Female,cpeacep@prnewswire.com,214-904-9333,Suite 67,Irving,Texas,75037
27,Olivero,Ballay,56,Male,oballayq@ed.gov,954-997-9560,15th Floor,Boca Raton,Florida,33432
28,Lydie,Tickle,41,Female,ltickler@dion.ne.jp,701-131-4210,Suite 42,Fargo,North Dakota,58106
29,Vinita,Whittleton,86,Female,vwhittletons@va.gov,803-999-1384,Apt 757,Columbia,South Carolina,29203
30,Vale,Brockest,70,Female,vbrockestt@bloglovin.com,309-560-3950,17th Floor,Bloomington,Illinois,61709
31,Olly,Muncaster,93,Female,omuncasteru@apple.com,626-182-0519,PO Box 85740,Burbank,California,91505
32,Almeda,Oger,47,Other,aogerv@fema.gov,630-687-8425,Room 1094,Chicago,Illinois,60641
33,Sharona,O'Dunneen,26,Female,sodunneenw@google.com,917-597-8019,PO Box 64556,Brooklyn,New York,11236
34,Mikkel,Rodenburgh,15,Male,mrodenburghx@princeton.edu,862-458-0563,PO Box 84283,Newark,New Jersey,7188
35,Nap,Schneider,59,Male,nschneidery@msn.com,775-265-7200,PO Box 40657,Reno,Nevada,89550
36,Beatriz,Ainge,49,Female,baingez@lulu.com,704-216-2492,6th Floor,Charlotte,North Carolina,28205
37,Skipper,Maplethorp,23,Other,smaplethorp10@com.com,509-614-4515,PO Box 88225,Spokane,Washington,99205
38,Jamison,Brozsset,82,Male,jbrozsset11@symantec.com,478-378-4852,Room 1525,Macon,Georgia,31296
39,Christel,Graalman,32,Female,cgraalman12@over-blog.com,904-845-0139,16th Floor,Jacksonville,Florida,32244
40,Eleanora,Prichard,89,Female,eprichard13@wikia.com,714-422-6192,2nd Floor,Anaheim,California,92825
41,Holly,Sorrie,59,Female,hsorrie14@mapquest.com,303-104-3418,Apt 191,Denver,Colorado,80223
42,Natassia,Flori,66,Other,nflori15@canalblog.com,901-289-6547,Suite 77,Memphis,Tennessee,38136
43,Sasha,Gerard,23,Female,sgerard16@nasa.gov,201-632-1893,PO Box 43346,Jersey City,New Jersey,7305
44,Amalie,Codeman,19,Female,acodeman17@gizmodo.com,404-710-0352,Room 933,Atlanta,Georgia,30336
45,Florella,Maro,83,Female,fmaro18@adobe.com,202-578-0413,18th Floor,Washington,District of Columbia,20226
46,Marian,Benneyworth,57,Female,mbenneyworth19@deviantart.com,713-566-3881,PO Box 43286,Spring,Texas,77388
47,Vinson,Fowells,100,Other,vfowells1a@nationalgeographic.com,513-488-0847,Room 1637,Cincinnati,Ohio,45264
48,Tuck,Coltan,45,Male,tcoltan1b@army.mil,405-631-5992,Suite 45,Norman,Oklahoma,73071
49,Salvidor,Britton,49,Male,sbritton1c@canalblog.com,419-755-6107,Room 927,Toledo,Ohio,43666
50,Antony,Jaqueme,21,Male,ajaqueme1d@dell.com,740-552-5943,Suite 61,Columbus,Ohio,43240
51,Noni,Swanborough,25,Female,nswanborough1e@purevolume.com,419-677-4395,11th Floor,Lima,Ohio,45807
52,Lenna,Eick,70,Female,leick1f@noaa.gov,203-128-7052,PO Box 92943,Stamford,Connecticut,6905
53,Jacklin,Bloore,17,Female,jbloore1g@amazon.co.jp,515-844-2283,Apt 1444,Des Moines,Iowa,50310
54,Farr,Crate,23,Other,fcrate1h@studiopress.com,217-365-0319,Apt 1723,Decatur,Illinois,62525
55,Barbie,Cund,99,Female,bcund1i@blinklist.com,504-244-6152,Suite 36,New Orleans,Louisiana,70129
56,Jermaine,Salman,27,Male,jsalman1j@fc2.com,323-340-4298,17th Floor,Los Angeles,California,90094
57,Kerianne,Molesworth,35,Female,kmolesworth1k@freewebs.com,904-790-0016,Apt 1332,Jacksonville,Florida,32215
58,Hugh,Jatczak,74,Male,hjatczak1l@umn.edu,312-297-7274,Suite 78,Chicago,Illinois,60697
59,Brenden,aManger,27,Male,bamanger1m@canalblog.com,320-808-5507,Room 183,Saint Cloud,Minnesota,56398
60,Hermy,Melledy,95,Male,hmelledy1n@amazonaws.com,314-811-4580,Suite 26,Saint Louis,Missouri,63158
61,Kristoforo,Meech,28,Male,kmeech1o@businessweek.com,801-983-3663,20th Floor,Salt Lake City,Utah,84189
62,Cornall,Bulmer,24,Other,cbulmer1p@rakuten.co.jp,312-621-1140,PO Box 19141,Chicago,Illinois,60691
63,Iggie,Mathan,84,Male,imathan1q@aol.com,717-873-4115,Room 433,Lancaster,Pennsylvania,17622
64,Carleen,Ohanessian,55,Female,cohanessian1r@163.com,617-571-7735,PO Box 27483,Boston,Massachusetts,2216
65,Morena,Whithalgh,84,Female,mwhithalgh1s@dropbox.com,559-390-7448,Suite 51,Fullerton,California,92640
66,Charlot,Dominicacci,30,Female,cdominicacci1t@github.io,513-150-9527,Room 637,Cincinnati,Ohio,45249
67,Tirrell,Pascow,79,Male,tpascow1u@reddit.com,865-308-9019,16th Floor,Knoxville,Tennessee,37919
68,Barbie,Dibley,62,Female,bdibley1v@xing.com,713-172-2879,Apt 453,Houston,Texas,77234
69,Zoe,Anthes,58,Female,zanthes1w@mozilla.com,619-422-8982,Apt 385,San Diego,California,92160
70,Artus,Callacher,54,Male,acallacher1x@mozilla.com,303-251-6777,Room 771,Boulder,Colorado,80305
71,Dinah,Kidder,85,Female,dkidder1y@deviantart.com,361-500-8917,Suite 41,Corpus Christi,Texas,78426
72,Dov,Turpie,27,Male,dturpie1z@qq.com,360-247-0994,Apt 289,Vancouver,Washington,98664
73,Michale,Stratz,16,Male,mstratz20@icio.us,225-639-3690,Room 636,Baton Rouge,Louisiana,70826
74,Ernestine,Kleinschmidt,63,Female,ekleinschmidt21@e-recht24.de,251-376-5092,Suite 9,Mobile,Alabama,36622
75,Giacopo,Richie,93,Male,grichie22@goo.ne.jp,915-852-5931,9th Floor,El Paso,Texas,88584
76,Teresa,Tanguy,81,Female,ttanguy23@cornell.edu,847-121-6553,Apt 1271,Palatine,Illinois,60078
77,Cristina,Hardaway,43,Female,chardaway24@tamu.edu,718-476-5112,PO Box 86065,Jamaica,New York,11436
78,Ddene,Titterrell,45,Female,dtitterrell25@pcworld.com,406-101-0853,Apt 1208,Helena,Montana,59623
79,Brett,Claire,35,Female,bclaire26@umn.edu,718-635-9043,3rd Floor,Bronx,New York,10469
80,Heinrik,Low,25,Male,hlow27@topsy.com,234-431-5138,Room 391,Canton,Ohio,44760
81,Courtney,Woodwin,30,Female,cwoodwin28@exblog.jp,713-244-9211,Suite 54,Houston,Texas,77250
82,Gauthier,Klagges,32,Male,gklagges29@hao123.com,915-471-1965,PO Box 71739,El Paso,Texas,88569
83,Sutherland,Antonopoulos,40,Other,santonopoulos2a@wp.com,504-181-2012,Apt 293,New Orleans,Louisiana,70149
84,Jacquette,Dumblton,24,Female,jdumblton2b@e-recht24.de,817-459-6410,Suite 18,Fort Worth,Texas,76147
85,Aloysia,Dunridge,38,Female,adunridge2c@yellowpages.com,757-621-9264,Suite 95,Norfolk,Virginia,23551
86,Abba,Greeves,87,Male,agreeves2d@mtv.com,239-527-7328,Apt 578,Fort Myers,Florida,33913
87,Dagny,Tassel,82,Male,dtassel2e@xinhuanet.com,702-372-3673,Suite 4,Las Vegas,Nevada,89193
88,Porty,Beeton,63,Male,pbeeton2f@ibm.com,817-986-3994,Apt 397,Fort Worth,Texas,76110
89,Whitby,Hovard,73,Male,whovard2g@list-manage.com,502-172-2199,PO Box 61365,Frankfort,Kentucky,40618
90,Coleman,Digger,59,Male,cdigger2h@moonfruit.com,864-104-2842,Apt 34,Greenville,South Carolina,29615
91,Paolo,Puckham,39,Male,ppuckham2i@hud.gov,774-671-9997,Room 37,Waltham,Massachusetts,2453
92,Lauraine,Whyborn,62,Female,lwhyborn2j@flickr.com,415-563-6625,Apt 1513,Hayward,California,94544
93,Jolynn,Digman,15,Female,jdigman2k@sitemeter.com,516-591-4824,PO Box 91450,New Hyde Park,New York,11044
94,Sofia,Tout,22,Female,stout2l@unblog.fr,408-364-4614,Apt 38,San Jose,California,95108
95,Terrie,Plank,64,Female,tplank2m@pagesperso-orange.fr,281-519-4368,Apt 280,Houston,Texas,77035
96,Germain,Stannion,82,Male,gstannion2n@seattletimes.com,404-745-4534,19th Floor,Atlanta,Georgia,31165
97,Corene,Lever,46,Female,clever2o@answers.com,810-457-0972,Room 1300,Warren,Michigan,48092
98,Mattie,Rivilis,50,Female,mrivilis2p@redcross.org,316-327-0774,Suite 84,Wichita,Kansas,67236
99,Barde,Oki,41,Other,boki2q@aol.com,919-954-7747,Suite 85,Raleigh,North Carolina,27658
100,Charmane,Crummey,53,Female,ccrummey2r@craigslist.org,202-553-6867,Room 1139,Washington,District of Columbia,20046
101,Drucie,Furneaux,51,Female,dfurneaux2s@w3.org,225-365-7733,PO Box 10684,Baton Rouge,Louisiana,70894
102,Ambrosius,MacCumiskey,33,Male,amaccumiskey2t@netscape.com,337-496-6938,Room 1324,Lake Charles,Louisiana,70616
103,Court,Janak,74,Male,cjanak2u@instagram.com,432-343-5067,Suite 79,Odessa,Texas,79764
104,Lanny,Alden,97,Female,lalden2v@soundcloud.com,503-796-9906,Apt 365,Beaverton,Oregon,97075
105,Alanson,Sumpner,53,Male,asumpner2w@pagesperso-orange.fr,339-138-6316,Room 1135,Woburn,Massachusetts,1813
106,Alie,Christofe,78,Female,achristofe2x@sourceforge.net,502-404-5795,5th Floor,Louisville,Kentucky,40220
107,Basile,Werendell,72,Other,bwerendell2y@washington.edu,254-831-4439,Room 1804,Waco,Texas,76711
108,Neysa,Iverson,26,Female,niverson2z@hatena.ne.jp,309-497-0829,Room 840,Peoria,Illinois,61651
109,Shaylah,Swarbrigg,79,Female,sswarbrigg30@paypal.com,608-894-1683,1st Floor,Madison,Wisconsin,53716
110,Kameko,Chrispin,79,Female,kchrispin31@meetup.com,203-836-5073,PO Box 92697,Norwalk,Connecticut,6854
111,Gerrie,Colebourn,42,Female,gcolebourn32@ftc.gov,312-736-6230,Room 1897,Chicago,Illinois,60663
112,Wally,Imrie,32,Male,wimrie33@purevolume.com,718-764-5621,Suite 6,Flushing,New York,11388
113,Beale,Holtom,81,Male,bholtom34@etsy.com,716-552-9316,PO Box 67967,Buffalo,New York,14225
114,Gram,Mew,71,Male,gmew35@unicef.org,801-907-0585,Apt 721,Ogden,Utah,84403
115,Pen,Bolter,69,Female,pbolter36@rakuten.co.jp,608-350-4932,Suite 80,Madison,Wisconsin,53726
116,Ulrikaumeko,McGeechan,18,Female,umcgeechan37@biblegateway.com,410-828-9298,Suite 52,Baltimore,Maryland,21282
117,Alexandro,Stennings,65,Male,astennings38@usnews.com,313-219-8934,Apt 388,Detroit,Michigan,48217
118,Fredrika,MacCrosson,100,Female,fmaccrosson39@multiply.com,540-699-0037,Room 11,Roanoke,Virginia,24048
119,Nolly,Durnell,26,Male,ndurnell3a@gov.uk,440-659-6198,6th Floor,Cleveland,Ohio,44125
120,Cam,Perico,26,Male,cperico3b@wired.com,602-681-3454,2nd Floor,Phoenix,Arizona,85072
121,Dawn,Hakes,33,Female,dhakes3c@163.com,508-596-5772,Apt 727,Newton,Massachusetts,2162
122,Janella,Huck,71,Female,jhuck3d@time.com,608-374-4252,Suite 2,Madison,Wisconsin,53779
123,Lonna,Gullick,58,Female,lgullick3e@twitpic.com,404-277-6510,Suite 22,Atlanta,Georgia,30386
124,Margareta,Ochterlony,100,Female,mochterlony3f@ocn.ne.jp,405-987-6381,18th Floor,Edmond,Oklahoma,73034
125,Nan,Deabill,52,Female,ndeabill3g@ustream.tv,720-727-2880,9th Floor,Arvada,Colorado,80005
126,Catie,Gilhespy,24,Female,cgilhespy3h@sbwire.com,651-556-7720,Room 1543,Saint Paul,Minnesota,55166
127,Boony,Perton,61,Other,bperton3i@oakley.com,717-445-5932,PO Box 55851,Harrisburg,Pennsylvania,17140
128,Arden,Rielly,83,Female,arielly3j@google.fr,213-899-5338,Suite 19,Los Angeles,California,90087
129,Gideon,Arckoll,62,Male,garckoll3k@arstechnica.com,843-123-1961,Room 1156,Charleston,South Carolina,29424
130,Mendie,Knowles,68,Male,mknowles3l@nature.com,214-882-4494,Suite 48,Arlington,Texas,76096
131,Stefa,Beevis,82,Female,sbeevis3m@gov.uk,202-905-1306,PO Box 38245,Washington,District of Columbia,20226
132,Damaris,Whyler,49,Female,dwhyler3n@wp.com,734-996-0927,Apt 1299,Ann Arbor,Michigan,48107
133,Gordie,Sandiford,37,Male,gsandiford3o@google.cn,425-546-7714,Apt 1007,Everett,Washington,98206
134,Avrit,Mettericke,81,Female,amettericke3p@hhs.gov,941-274-6767,PO Box 58937,Sarasota,Florida,34276
135,Vittoria,Abramsky,72,Female,vabramsky3q@noaa.gov,219-115-6643,Suite 84,Gary,Indiana,46406
136,Pavia,Voice,20,Female,pvoice3r@domainmarket.com,559-373-9095,Suite 20,Fresno,California,93794
137,Gearalt,Niche,79,Male,gniche3s@deliciousdays.com,917-891-1697,18th Floor,New York City,New York,10039
138,Allianora,Hempshall,62,Female,ahempshall3t@feedburner.com,405-803-9575,5th Floor,Oklahoma City,Oklahoma,73119
139,Corbett,Pickvance,32,Male,cpickvance3u@dell.com,239-766-9679,2nd Floor,Fort Myers,Florida,33913
140,Gualterio,Sigward,39,Male,gsigward3v@wordpress.com,407-961-0653,Suite 100,Orlando,Florida,32885
141,Erskine,Aseef,30,Male,easeef3w@xinhuanet.com,212-531-3658,Apt 1833,New York City,New York,10275
142,Rufus,Baiss,44,Male,rbaiss3x@japanpost.jp,650-360-8800,Room 525,Redwood City,California,94064
143,Manda,McPheat,61,Female,mmcpheat3y@macromedia.com,713-125-1891,Apt 51,Houston,Texas,77218
144,Adolf,Glenny,41,Male,aglenny3z@pagesperso-orange.fr,704-330-6316,12th Floor,Charlotte,North Carolina,28205
145,Sherwin,Salasar,89,Male,ssalasar40@cnbc.com,563-917-2865,Room 461,Davenport,Iowa,52809
146,Pattin,Elmore,34,Male,pelmore41@loc.gov,281-786-3693,Room 423,Houston,Texas,77055
147,George,Ludgrove,69,Female,gludgrove42@123-reg.co.uk,513-657-7636,Apt 1550,Cincinnati,Ohio,45233
148,Louella,Harback,33,Female,lharback43@uol.com.br,313-126-3980,Room 1934,Detroit,Michigan,48275
149,Betti,Tomas,86,Female,btomas44@google.co.uk,352-352-6951,PO Box 11708,Spring Hill,Florida,34611
150,Mada,Burges,80,Female,mburges45@fastcompany.com,217-601-4580,PO Box 817,Champaign,Illinois,61825
151,Jock,Duplan,32,Male,jduplan46@hc360.com,952-734-9529,PO Box 74774,Young America,Minnesota,55557
152,Brad,Parminter,98,Male,bparminter47@netlog.com,816-561-2739,14th Floor,Kansas City,Missouri,64190
153,Sheila,Ivanshintsev,50,Female,sivanshintsev48@instagram.com,717-265-6400,Room 306,Harrisburg,Pennsylvania,17105
154,Spenser,Christiensen,60,Male,schristiensen49@wordpress.org,803-722-2966,Apt 1554,Columbia,South Carolina,29240
155,Abra,Bullard,81,Female,abullard4a@dyndns.org,817-655-6420,Room 168,Denton,Texas,76210
156,Tina,Flaws,86,Female,tflaws4b@wired.com,937-828-7012,Suite 51,Hamilton,Ohio,45020
157,Durant,Vallance,65,Male,dvallance4c@cbslocal.com,785-922-9747,2nd Floor,Topeka,Kansas,66617
158,Catherine,Abade,35,Female,cabade4d@hostgator.com,239-164-9831,PO Box 81967,Naples,Florida,34102
159,Udale,Woolstenholmes,95,Male,uwoolstenholmes4e@elpais.com,706-797-7537,Apt 1013,Columbus,Georgia,31914
160,Geno,Jenno,21,Male,gjenno4f@google.com.au,312-418-2696,PO Box 50870,Chicago,Illinois,60681
161,Dot,Chaffen,48,Female,dchaffen4g@paginegialle.it,682-909-6894,Suite 80,Fort Worth,Texas,76192
162,Ethan,Vasyunichev,27,Male,evasyunichev4h@multiply.com,808-142-2455,PO Box 93038,Honolulu,Hawaii,96835
163,Anna-diana,Klos,49,Female,aklos4i@discuz.net,215-105-8109,Suite 73,Philadelphia,Pennsylvania,19125
164,Abbie,Brydson,37,Female,abrydson4j@prweb.com,281-678-8560,4th Floor,Houston,Texas,77080
165,Basilius,Grassick,65,Male,bgrassick4k@globo.com,239-770-2529,Apt 1802,Naples,Florida,34114
166,Joline,Cottage,90,Female,jcottage4l@cbc.ca,206-838-9219,Room 1130,Seattle,Washington,98133
167,Field,Bernocchi,28,Other,fbernocchi4m@github.com,502-971-3236,PO Box 7887,Louisville,Kentucky,40266
168,Anica,Brailsford,81,Female,abrailsford4n@fotki.com,804-525-3031,PO Box 52611,Richmond,Virginia,23289
169,Caesar,Dawks,98,Male,cdawks4o@google.com.br,360-534-8756,Room 1953,Olympia,Washington,98516
170,Jaine,Cragell,59,Female,jcragell4p@nifty.com,203-382-1328,Apt 512,Bridgeport,Connecticut,6606
171,Aleksandr,Dudbridge,79,Male,adudbridge4q@utexas.edu,862-179-6726,Room 1935,Paterson,New Jersey,7544
172,Artemas,Critten,14,Male,acritten4r@unc.edu,505-792-9038,Room 1983,Albuquerque,New Mexico,87121
173,Rosalinda,Minero,38,Female,rminero4s@ucoz.com,917-916-1331,Room 480,Jamaica,New York,11436
174,Gabie,Pettengell,46,Female,gpettengell4t@livejournal.com,941-420-9093,Apt 192,Bradenton,Florida,34205
175,Loretta,Timms,84,Female,ltimms4u@google.de,818-923-7038,Apt 1614,North Hollywood,California,91606
176,Modesty,Steere,18,Female,msteere4v@eventbrite.com,208-781-6469,PO Box 68129,Boise,Idaho,83757
177,Ajay,Rowlands,28,Female,arowlands4w@wisc.edu,330-141-9224,Room 582,Youngstown,Ohio,44505
178,Katherina,Thundercliffe,59,Female,kthundercliffe4x@guardian.co.uk,786-868-5416,Apt 118,Miami,Florida,33196
179,Jermain,Fold,85,Male,jfold4y@squarespace.com,317-762-4973,1st Floor,Indianapolis,Indiana,46231
180,Fianna,Marl,29,Female,fmarl4z@nhs.uk,404-583-5772,Suite 46,Atlanta,Georgia,30301
181,Ryun,Bradfield,32,Male,rbradfield50@tiny.cc,601-198-0854,Room 1732,Meridian,Mississippi,39305
182,Kelcie,Bromell,26,Female,kbromell51@angelfire.com,303-413-1016,Apt 1322,Littleton,Colorado,80127
183,Jackqueline,O'Keefe,34,Female,jokeefe52@hostgator.com,904-270-5580,Suite 57,Jacksonville,Florida,32259
184,Neall,Reinmar,81,Other,nreinmar53@cocolog-nifty.com,651-521-6798,Room 1321,Saint Paul,Minnesota,55146
185,Aggi,Harrill,95,Female,aharrill54@dailymotion.com,512-816-0044,PO Box 57932,Austin,Texas,78769
186,Hyacinthie,Hakeworth,60,Female,hhakeworth55@spotify.com,608-410-5434,Apt 1891,Madison,Wisconsin,53779
187,Vito,Matura,41,Male,vmatura56@illinois.edu,305-484-2983,Room 132,Hollywood,Florida,33023
188,Clary,Bleythin,16,Female,cbleythin57@yale.edu,937-429-3718,15th Floor,Springfield,Ohio,45505
189,Ariana,Bushill,30,Female,abushill58@narod.ru,608-351-0259,Room 1905,Madison,Wisconsin,53705
190,Vikky,Stickells,81,Female,vstickells59@bbc.co.uk,361-934-1482,Apt 1447,Corpus Christi,Texas,78475
191,Patience,Edinboro,82,Female,pedinboro5a@buzzfeed.com,321-512-5327,Room 1860,Melbourne,Florida,32941
192,Alon,Swindle,45,Male,aswindle5b@answers.com,704-452-9331,Suite 74,Charlotte,North Carolina,28256
193,Tiphanie,Tripp,37,Female,ttripp5c@theatlantic.com,314-481-3255,PO Box 59470,Saint Louis,Missouri,63180
194,Ragnar,Bresnahan,74,Male,rbresnahan5d@xinhuanet.com,763-193-8226,Apt 1849,Minneapolis,Minnesota,55412
195,Rayner,Sybbe,92,Male,rsybbe5e@dailymail.co.uk,209-680-5706,Suite 15,Stockton,California,95219
196,Haskel,Agett,27,Male,hagett5f@ebay.co.uk,937-205-4947,Suite 62,Dayton,Ohio,45426
197,Giselle,O'Lennachain,79,Female,golennachain5g@bloglovin.com,601-888-3300,Apt 969,Jackson,Mississippi,39204
198,Susanne,Stammirs,82,Female,sstammirs5h@boston.com,253-542-1070,6th Floor,Tacoma,Washington,98447
199,Mirelle,Cayet,46,Female,mcayet5i@ucsd.edu,408-315-3540,9th Floor,San Jose,California,95173
200,Jammie,Tallet,18,Female,jtallet5j@wsj.com,404-688-7138,PO Box 87762,Atlanta,Georgia,30311
201,Ingeborg,Needs,82,Female,ineeds5k@reuters.com,408-443-8237,19th Floor,San Jose,California,95108
202,Albert,Wolstenholme,42,Male,awolstenholme5l@nba.com,616-809-9444,PO Box 12110,Grand Rapids,Michigan,49518
203,Auberon,Reyson,43,Male,areyson5m@tinypic.com,801-425-6254,8th Floor,Salt Lake City,Utah,84110
204,Conrado,Pardey,59,Male,cpardey5n@hostgator.com,754-151-9709,Room 856,Fort Lauderdale,Florida,33320
205,Evangelia,Kaysor,35,Female,ekaysor5o@theatlantic.com,941-729-5327,Apt 137,Punta Gorda,Florida,33982
206,Kathe,Gorden,70,Female,kgorden5p@webmd.com,949-947-5325,5th Floor,Orange,California,92867
207,Erl,Kingshott,91,Other,ekingshott5q@mlb.com,859-787-4898,13th Floor,Lexington,Kentucky,40524
208,Lara,Slesser,30,Other,lslesser5r@mtv.com,281-622-3140,PO Box 74720,Houston,Texas,77085
209,Cyndi,Pantin,18,Other,cpantin5s@youku.com,915-108-3927,Apt 1311,El Paso,Texas,88584
210,Tobie,Sirmond,18,Male,tsirmond5t@over-blog.com,312-370-1137,11th Floor,Chicago,Illinois,60652
211,Herby,Berg,27,Male,hberg5u@princeton.edu,573-193-9012,Room 391,Jefferson City,Missouri,65105
212,Essy,Spirit,83,Other,espirit5v@sakura.ne.jp,757-470-7816,Apt 1010,Chesapeake,Virginia,23324
213,Arman,Sinkins,25,Male,asinkins5w@msu.edu,804-631-5700,Room 939,Richmond,Virginia,23293
214,Dre,Lenox,92,Female,dlenox5x@amazon.co.uk,513-111-5438,Room 1957,Cincinnati,Ohio,45208
215,Julita,Haggerstone,95,Female,jhaggerstone5y@ca.gov,415-740-3651,18th Floor,San Francisco,California,94169
216,Rorke,Rennicks,44,Other,rrennicks5z@rambler.ru,202-104-7869,Suite 84,Washington,District of Columbia,20220
217,Honey,Ashe,69,Female,hashe60@usa.gov,801-754-8067,Room 1184,Salt Lake City,Utah,84140
218,Dur,McCarrick,97,Male,dmccarrick61@noaa.gov,785-155-3230,PO Box 93993,Topeka,Kansas,66667
219,Lancelot,Wilderspoon,97,Male,lwilderspoon62@parallels.com,619-128-6836,Suite 72,San Diego,California,92196
220,Patrice,Rivers,70,Female,privers63@facebook.com,719-168-9028,5th Floor,Colorado Springs,Colorado,80940
221,Isabel,Dummer,21,Female,idummer64@creativecommons.org,941-290-4396,7th Floor,Naples,Florida,34108
222,Kalli,Buckett,64,Other,kbuckett65@cdc.gov,571-341-6663,PO Box 27163,Falls Church,Virginia,22047
223,Silvie,Bredes,40,Female,sbredes66@trellian.com,253-952-5510,Apt 755,Tacoma,Washington,98481
224,Hollis,Beany,87,Male,hbeany67@tripadvisor.com,816-170-1384,PO Box 84138,Kansas City,Missouri,64109
225,Carmelle,Snoddy,70,Female,csnoddy68@bizjournals.com,614-995-4165,Apt 525,Columbus,Ohio,43240
226,Pen,Huggan,100,Male,phuggan69@symantec.com,650-449-7779,PO Box 80667,San Francisco,California,94105
227,Quinlan,Muncey,51,Male,qmuncey6a@sfgate.com,202-717-9216,Suite 60,Washington,District of Columbia,20268
228,Terza,Klinck,68,Female,tklinck6b@youtu.be,402-124-4417,8th Floor,Lincoln,Nebraska,68531
229,Deva,Yushachkov,23,Female,dyushachkov6c@tumblr.com,571-795-2760,9th Floor,Arlington,Virginia,22212
230,Hagan,Gilogly,30,Male,hgilogly6d@eventbrite.com,702-996-7975,Apt 1794,Las Vegas,Nevada,89130
231,Tate,Roney,24,Male,troney6e@tamu.edu,773-844-7899,Apt 1262,Chicago,Illinois,60614
232,Linet,Beteriss,73,Female,lbeteriss6f@cocolog-nifty.com,240-784-5361,16th Floor,Hagerstown,Maryland,21747
233,Harper,Figgures,76,Male,hfiggures6g@skype.com,619-364-5064,PO Box 58680,San Diego,California,92121
234,Analise,Marcham,95,Female,amarcham6h@biglobe.ne.jp,814-530-6278,Room 603,Erie,Pennsylvania,16534
235,Rois,Eberdt,97,Female,reberdt6i@shop-pro.jp,989-555-7161,PO Box 65367,Midland,Michigan,48670
236,Ewart,Cordet,67,Male,ecordet6j@huffingtonpost.com,806-490-8442,Apt 1273,Lubbock,Texas,79405
237,Colver,Hickin,93,Male,chickin6k@fc2.com,804-325-6025,Room 614,Richmond,Virginia,23289
238,Lev,Sanderson,59,Male,lsanderson6l@cnn.com,817-989-0014,Suite 12,Fort Worth,Texas,76129
239,Beverie,Bourton,83,Female,bbourton6m@whitehouse.gov,801-183-0902,Apt 886,Salt Lake City,Utah,84152
240,Willette,Hounsham,64,Female,whounsham6n@imdb.com,214-116-2202,Apt 1148,Dallas,Texas,75216
241,Celestyn,Fray,34,Female,cfray6o@wiley.com,817-224-5886,8th Floor,Arlington,Texas,76004
242,Lilllie,Helkin,84,Female,lhelkin6p@hatena.ne.jp,305-578-1509,PO Box 49446,Miami,Florida,33185
243,Bebe,McLachlan,26,Female,bmclachlan6q@google.es,559-380-9304,Apt 1844,Fresno,California,93786
244,Zenia,Gostall,63,Female,zgostall6r@state.gov,952-450-6734,Suite 90,Young America,Minnesota,55573
245,Doloritas,Glowacha,15,Female,dglowacha6s@paginegialle.it,734-171-9352,2nd Floor,Ann Arbor,Michigan,48107
246,Olwen,Uc,25,Other,ouc6t@so-net.ne.jp,325-848-2622,Room 1002,San Angelo,Texas,76905
247,Dag,Childs,64,Male,dchilds6u@china.com.cn,916-780-9204,15th Floor,Sacramento,California,95813
248,Bryant,Kopmann,66,Male,bkopmann6v@dmoz.org,215-649-7654,Suite 91,Philadelphia,Pennsylvania,19141
249,Arly,Brise,65,Female,abrise6w@google.it,619-815-7739,Suite 25,San Diego,California,92115
250,Fabien,Guion,64,Male,fguion6x@phoca.cz,859-135-6639,12th Floor,Lexington,Kentucky,40576
251,Benita,Ville,38,Female,bville6y@behance.net,559-563-3092,6th Floor,Fullerton,California,92640
252,Cayla,Windross,54,Female,cwindross6z@fda.gov,515-213-8228,Apt 1031,Des Moines,Iowa,50369
253,Theodosia,Stolworthy,36,Female,tstolworthy70@ustream.tv,205-847-6592,15th Floor,Tuscaloosa,Alabama,35487
254,Sumner,Woofendell,44,Male,swoofendell71@ebay.co.uk,412-925-1855,PO Box 86617,Pittsburgh,Pennsylvania,15261
255,Steve,Rossi,90,Male,srossi72@japanpost.jp,352-127-1235,PO Box 48532,Brooksville,Florida,34605
256,Hagan,Dignum,48,Male,hdignum73@domainmarket.com,202-478-6558,9th Floor,Washington,District of Columbia,20073
257,Brett,Boater,71,Male,bboater74@cargocollective.com,480-526-4452,Room 1048,Mesa,Arizona,85210
258,Margie,Bett,62,Female,mbett75@salon.com,562-819-6827,Room 761,Los Angeles,California,90015
259,Petronilla,Strain,84,Female,pstrain76@psu.edu,805-527-5416,Room 395,Simi Valley,California,93094
260,Chad,Olifard,77,Male,colifard77@nbcnews.com,202-148-4748,Suite 81,Washington,District of Columbia,20078
261,Link,Timmis,96,Male,ltimmis78@ehow.com,952-646-8906,Apt 435,Young America,Minnesota,55573
262,Zachary,Ugolini,61,Male,zugolini79@usa.gov,786-697-7087,Room 766,Miami,Florida,33158
263,Agata,Gosselin,40,Female,agosselin7a@wikimedia.org,520-651-9772,Suite 55,Tucson,Arizona,85710
264,Nona,Vaudin,41,Female,nvaudin7b@desdev.cn,432-785-6735,1st Floor,Odessa,Texas,79764
265,Gabbie,Dunphy,60,Male,gdunphy7c@msn.com,859-112-9225,Apt 982,Lexington,Kentucky,40510
266,Petrina,Busby,43,Female,pbusby7d@istockphoto.com,706-453-9047,PO Box 91046,Cumming,Georgia,30130
267,Fernandina,Hyrons,64,Female,fhyrons7e@unesco.org,517-809-9048,Apt 1037,Kalamazoo,Michigan,49048
268,Lory,Eede,36,Female,leede7f@vk.com,781-751-9591,PO Box 54729,Newton,Massachusetts,2458
269,Lynn,Southwood,62,Male,lsouthwood7g@cornell.edu,850-254-7970,PO Box 17748,Pensacola,Florida,32520
270,Dahlia,Gorrissen,76,Other,dgorrissen7h@tumblr.com,803-623-6220,Apt 1130,Columbia,South Carolina,29208
271,Maxine,Brokenshaw,43,Female,mbrokenshaw7i@oakley.com,205-466-6645,PO Box 15735,Tuscaloosa,Alabama,35405
272,Aleen,Jansie,64,Female,ajansie7j@vkontakte.ru,214-220-0585,PO Box 56188,Dallas,Texas,75277
273,Jsandye,Brookfield,37,Female,jbrookfield7k@utexas.edu,732-849-7410,Suite 75,New Brunswick,New Jersey,8922
274,Bili,Eastway,34,Female,beastway7l@state.tx.us,316-303-2164,PO Box 2286,Wichita,Kansas,67215
275,Maxim,Vurley,74,Male,mvurley7m@purevolume.com,251-927-6965,Room 637,Mobile,Alabama,36610
276,Rudie,Gear,72,Male,rgear7n@histats.com,415-601-5377,PO Box 54286,San Francisco,California,94169
277,Pepillo,Biernat,38,Male,pbiernat7o@simplemachines.org,316-560-9867,Apt 1097,Wichita,Kansas,67260
278,Mead,Hinrich,17,Female,mhinrich7p@msu.edu,704-812-3941,Apt 642,Charlotte,North Carolina,28225
279,Micheil,Covely,32,Other,mcovely7q@g.co,404-220-5728,6th Floor,Atlanta,Georgia,30343
280,Wally,Mugglestone,44,Female,wmugglestone7r@ibm.com,832-430-4550,Suite 32,Houston,Texas,77075
281,Callida,Hully,66,Female,chully7s@slideshare.net,410-400-8794,5th Floor,Baltimore,Maryland,21281
282,Emmerich,Giannazzo,42,Male,egiannazzo7t@pcworld.com,559-661-5173,Suite 97,Visalia,California,93291
283,Marshal,Jedrasik,93,Male,mjedrasik7u@msu.edu,865-633-9388,PO Box 52622,Knoxville,Tennessee,37939
284,Huntlee,Sandeford,39,Male,hsandeford7v@theglobeandmail.com,917-537-8444,Room 1916,Jamaica,New York,11447
285,Michal,Hagart,97,Female,mhagart7w@mit.edu,954-267-8569,Suite 55,Miami,Florida,33169
286,Fredericka,Trevethan,48,Female,ftrevethan7x@cdbaby.com,202-491-4707,4th Floor,Washington,District of Columbia,20392
287,Giavani,Krates,58,Male,gkrates7y@newsvine.com,919-709-4827,PO Box 20027,Raleigh,North Carolina,27610
288,Montague,Duding,96,Male,mduding7z@umich.edu,205-924-7013,Room 90,Birmingham,Alabama,35290
289,Stavros,Bridgland,85,Male,sbridgland80@cdc.gov,202-485-7800,1st Floor,Washington,District of Columbia,20337
290,Sansone,Langfitt,96,Male,slangfitt81@reuters.com,316-649-9373,17th Floor,Wichita,Kansas,67230
291,Mireielle,Frisby,61,Female,mfrisby82@icq.com,202-960-8594,17th Floor,Washington,District of Columbia,20508
292,Hyacinth,Tomasutti,39,Female,htomasutti83@mediafire.com,815-591-0873,Room 693,Joliet,Illinois,60435
293,Grant,Giddings,16,Male,ggiddings84@eventbrite.com,612-377-9547,19th Floor,Saint Paul,Minnesota,55114
294,Neda,Livingstone,18,Female,nlivingstone85@multiply.com,330-267-3051,Suite 73,Youngstown,Ohio,44555
295,Francyne,McIver,37,Other,fmciver86@homestead.com,904-139-3039,Room 443,Jacksonville,Florida,32209
296,Natal,Sansom,17,Male,nsansom87@edublogs.org,304-170-2028,7th Floor,Huntington,West Virginia,25711
297,Malia,Ritzman,44,Female,mritzman88@wikia.com,612-506-0893,PO Box 9714,Minneapolis,Minnesota,55458
298,Stevie,Paterson,43,Male,spaterson89@upenn.edu,718-788-3082,8th Floor,New York City,New York,10270
299,Jeremiah,Pinkie,19,Male,jpinkie8a@jigsy.com,217-418-7375,Apt 1985,Springfield,Illinois,62711
300,Michele,McKillop,32,Female,mmckillop8b@tripod.com,831-984-1971,PO Box 95506,Salinas,California,93907
301,Lynnell,Wilkins,16,Other,lwilkins8c@tumblr.com,718-341-4040,PO Box 17075,Jamaica,New York,11480
302,Ruthe,Ranfield,73,Female,rranfield8d@bloglovin.com,317-651-1726,PO Box 47421,Indianapolis,Indiana,46247
303,Tiler,Millichap,28,Male,tmillichap8e@skyrock.com,916-235-9324,10th Floor,Sacramento,California,95852
304,Kellsie,Gerraty,15,Female,kgerraty8f@reddit.com,816-479-9216,Room 1598,Kansas City,Missouri,64130
305,Billy,Mixworthy,40,Male,bmixworthy8g@mlb.com,763-987-0414,5th Floor,Monticello,Minnesota,55565
306,Lyn,Hearfield,85,Female,lhearfield8h@thetimes.co.uk,408-638-8211,PO Box 30226,San Jose,California,95118
307,Jessalin,Purvis,82,Female,jpurvis8i@china.com.cn,218-295-1756,PO Box 64706,Duluth,Minnesota,55805
308,Maury,Haddinton,38,Male,mhaddinton8j@yale.edu,832-555-7019,Suite 30,Houston,Texas,77266
309,Cordey,Eyden,99,Female,ceyden8k@sitemeter.com,601-300-3356,Suite 56,Hattiesburg,Mississippi,39404
310,Thedric,Simonite,55,Male,tsimonite8l@google.pl,352-978-9768,Room 1661,Ocala,Florida,34474
311,Rurik,McGowran,31,Male,rmcgowran8m@hhs.gov,502-955-4615,Apt 354,Louisville,Kentucky,40220
312,Florencia,Sprake,30,Female,fsprake8n@microsoft.com,701-721-9387,PO Box 80821,Fargo,North Dakota,58122
313,Terri,Vanelli,37,Male,tvanelli8o@goodreads.com,334-853-5525,Suite 24,Montgomery,Alabama,36114
314,Patrice,Kennler,94,Other,pkennler8p@ehow.com,806-157-2962,Suite 57,Lubbock,Texas,79410
315,Corette,Mc Corley,76,Female,cmccorley8q@dot.gov,502-401-8618,Room 1388,Migrate,Kentucky,41905
316,Maxy,Franckton,38,Male,mfranckton8r@moonfruit.com,304-843-6325,PO Box 18785,Charleston,West Virginia,25313
317,Jenn,Peirpoint,67,Female,jpeirpoint8s@miitbeian.gov.cn,304-457-3090,14th Floor,Charleston,West Virginia,25321
318,Emmerich,Coolbear,36,Male,ecoolbear8t@tinypic.com,859-224-0136,Room 1907,Lexington,Kentucky,40505
319,Shelagh,Kingham,50,Female,skingham8u@cmu.edu,209-555-4740,Room 1737,Modesto,California,95354
320,Beitris,Dake,39,Female,bdake8v@mediafire.com,404-373-2078,PO Box 68920,Atlanta,Georgia,30311
321,Philly,Daskiewicz,94,Female,pdaskiewicz8w@cdbaby.com,253-211-9930,Suite 97,Olympia,Washington,98516
322,Jesse,Tolwood,98,Male,jtolwood8x@epa.gov,912-651-8093,11th Floor,Savannah,Georgia,31410
323,Bo,Blakemore,65,Male,bblakemore8y@newsvine.com,281-670-3312,Suite 26,Houston,Texas,77095
324,Cullen,Farryan,56,Male,cfarryan8z@usgs.gov,734-637-0250,11th Floor,Dearborn,Michigan,48126
325,Annice,Faull,67,Female,afaull90@kickstarter.com,253-701-1273,PO Box 28493,Tacoma,Washington,98417
326,Jessi,Brawn,98,Other,jbrawn91@indiatimes.com,917-900-5023,Apt 654,Brooklyn,New York,11231
327,Dorey,Drinkall,79,Male,ddrinkall92@goo.ne.jp,410-299-2321,PO Box 50450,Baltimore,Maryland,21216
328,Tildie,Pawle,80,Female,tpawle93@cbsnews.com,352-493-8931,PO Box 96328,Ocala,Florida,34479
329,Thurston,Preator,22,Male,tpreator94@oakley.com,719-882-5723,PO Box 66710,Colorado Springs,Colorado,80910
330,Neysa,Epperson,81,Female,nepperson95@buzzfeed.com,773-619-0987,8th Floor,Chicago,Illinois,60646
331,Bartlet,Blasli,22,Male,bblasli96@joomla.org,323-198-7017,PO Box 20532,Los Angeles,California,90045
332,Antoinette,McNeachtain,58,Female,amcneachtain97@paginegialle.it,414-410-2764,17th Floor,Milwaukee,Wisconsin,53215
333,Adrian,Yakutin,23,Female,ayakutin98@bizjournals.com,239-715-4659,Apt 1088,Fort Myers,Florida,33994
334,Peterus,Beevor,88,Male,pbeevor99@aboutads.info,719-594-9093,Apt 19,Colorado Springs,Colorado,80940
335,Ario,Pearsey,83,Male,apearsey9a@jiathis.com,260-674-3976,Room 1635,Fort Wayne,Indiana,46825
336,Janeczka,Rosenwasser,24,Female,jrosenwasser9b@multiply.com,561-516-9118,Suite 68,Boca Raton,Florida,33499
337,Quent,Shattock,62,Male,qshattock9c@admin.ch,702-617-0896,Room 1771,Las Vegas,Nevada,89150
338,Everett,Minillo,29,Male,eminillo9d@sogou.com,775-455-0707,5th Floor,Reno,Nevada,89519
339,Drake,Cattrall,54,Male,dcattrall9e@github.io,281-855-7488,Apt 1445,Houston,Texas,77075
340,Raymond,Canby,47,Male,rcanby9f@howstuffworks.com,502-769-9980,Apt 763,Louisville,Kentucky,40215
341,Willamina,Leefe,34,Female,wleefe9g@adobe.com,360-384-7283,Apt 1906,Olympia,Washington,98516
342,Adele,Nation,65,Female,anation9h@dion.ne.jp,586-518-9836,PO Box 23534,Detroit,Michigan,48206
343,Kevyn,Markham,27,Female,kmarkham9i@1688.com,303-665-8740,Room 893,Denver,Colorado,80223
344,Gaultiero,Walewicz,68,Other,gwalewicz9j@mashable.com,713-901-3033,Suite 56,Houston,Texas,77020
345,Taffy,Scutching,86,Female,tscutching9k@unicef.org,302-169-2304,Apt 1632,Newark,Delaware,19725
346,Danya,Edgson,24,Male,dedgson9l@arstechnica.com,816-641-2401,Suite 26,Kansas City,Missouri,64101
347,Terence,Rundle,35,Male,trundle9m@upenn.edu,409-858-9310,Suite 34,Beaumont,Texas,77705
348,Haskell,Brecher,88,Male,hbrecher9n@cnn.com,901-234-2567,Room 81,Memphis,Tennessee,38161
349,Elihu,Jakeway,76,Male,ejakeway9o@merriam-webster.com,706-680-4854,Room 616,Columbus,Georgia,31998
350,Adrien,Fussey,67,Male,afussey9p@wikipedia.org,813-331-6711,PO Box 42373,Tampa,Florida,33610
351,Lenka,Ready,67,Female,lready9q@auda.org.au,407-759-9884,PO Box 94160,Orlando,Florida,32835
352,Gusti,Veneur,96,Female,gveneur9r@google.fr,571-499-9534,PO Box 43584,Alexandria,Virginia,22313
353,Bernetta,Whale,16,Female,bwhale9s@economist.com,812-857-9382,PO Box 98414,Jeffersonville,Indiana,47134
354,La verne,Domone,100,Female,ldomone9t@amazonaws.com,502-550-4411,Suite 56,Louisville,Kentucky,40280
355,Kandy,Smerdon,48,Female,ksmerdon9u@japanpost.jp,318-794-9995,Room 1689,Shreveport,Louisiana,71105
356,Jobi,Reboulet,88,Female,jreboulet9v@networkadvertising.org,713-204-9538,PO Box 16696,Houston,Texas,77260
357,Xenia,Etienne,19,Female,xetienne9w@icio.us,520-967-2978,PO Box 728,Tucson,Arizona,85705
358,Winnifred,Butcher,75,Female,wbutcher9x@java.com,904-382-5141,Room 1472,Jacksonville,Florida,32255
359,Sebastiano,Fleeman,39,Male,sfleeman9y@freewebs.com,254-414-7350,9th Floor,Waco,Texas,76711
360,Kyrstin,Tiplady,57,Female,ktiplady9z@census.gov,334-941-0191,12th Floor,Montgomery,Alabama,36119
361,Norman,Yegorov,92,Male,nyegorova0@etsy.com,202-491-1943,PO Box 48860,Washington,District of Columbia,20231
362,Trescha,Eastbury,38,Female,teastburya1@china.com.cn,817-525-3929,Apt 924,Irving,Texas,75062
363,Natty,Purton,48,Female,npurtona2@barnesandnoble.com,214-218-5158,Suite 43,Dallas,Texas,75358
364,Cindelyn,Leehane,26,Female,cleehanea3@economist.com,513-193-7654,13th Floor,Cincinnati,Ohio,45223
365,Willard,Keppe,92,Male,wkeppea4@w3.org,502-950-3738,PO Box 68468,Louisville,Kentucky,40233
366,Kandy,Seagrove,49,Female,kseagrovea5@toplist.cz,813-822-9707,7th Floor,Tampa,Florida,33647
367,Rorie,Breydin,70,Female,rbreydina6@ibm.com,321-661-7853,Room 495,Orlando,Florida,32803
368,Anett,Tabard,92,Female,atabarda7@google.co.uk,619-457-1250,2nd Floor,San Diego,California,92110
369,Madeline,Boothby,75,Female,mboothbya8@state.gov,251-572-0499,Suite 37,Mobile,Alabama,36689
370,Ardith,Buller,74,Female,abullera9@hao123.com,775-717-5507,Apt 110,Carson City,Nevada,89706
371,Carmine,Trafford,80,Other,ctraffordaa@gizmodo.com,215-182-0613,19th Floor,Philadelphia,Pennsylvania,19093
372,Laverna,Fedorchenko,18,Female,lfedorchenkoab@pbs.org,513-437-1491,6th Floor,Cincinnati,Ohio,45213
373,Benjamin,Towers,14,Male,btowersac@twitpic.com,319-955-4685,Suite 45,Waterloo,Iowa,50706
374,Barnett,Truscott,35,Male,btruscottad@wikipedia.org,719-221-3509,8th Floor,Colorado Springs,Colorado,80905
375,Onida,Brands,74,Female,obrandsae@free.fr,303-447-3193,Suite 95,Englewood,Colorado,80150
376,Edeline,Clayton,100,Female,eclaytonaf@oaic.gov.au,330-963-2996,PO Box 6179,Akron,Ohio,44321
377,Elmira,Samways,60,Female,esamwaysag@oaic.gov.au,469-719-1191,Suite 52,Dallas,Texas,75251
378,Timoteo,Loveday,87,Male,tlovedayah@walmart.com,405-645-5239,Suite 26,Oklahoma City,Oklahoma,73173
379,Caye,Dungay,24,Female,cdungayai@51.la,504-385-2722,Room 251,New Orleans,Louisiana,70187
380,Samson,Pritchitt,76,Male,spritchittaj@aboutads.info,941-502-0421,Room 1225,Punta Gorda,Florida,33982
381,York,Emms,54,Male,yemmsak@wsj.com,240-107-4218,15th Floor,Silver Spring,Maryland,20918
382,Derward,Marchelli,31,Male,dmarchellial@ow.ly,401-667-0472,Suite 81,Providence,Rhode Island,2905
383,Wiley,Quinnelly,57,Male,wquinnellyam@photobucket.com,520-843-4843,Suite 30,Tucson,Arizona,85754
384,Pearle,Roback,57,Female,probackan@epa.gov,601-236-9568,Suite 14,Jackson,Mississippi,39282
385,Aubrette,Sylvester,77,Female,asylvesterao@blogspot.com,410-115-8303,Room 570,Baltimore,Maryland,21281
386,Tore,Shaddock,52,Male,tshaddockap@foxnews.com,717-301-4227,Suite 45,Harrisburg,Pennsylvania,17126
387,Othelia,Yakubovics,94,Female,oyakubovicsaq@state.gov,561-519-5123,PO Box 78933,West Palm Beach,Florida,33421
388,Janette,Delacroux,77,Female,jdelacrouxar@kickstarter.com,305-506-6360,Apt 538,Miami,Florida,33129
389,Carilyn,Sefton,68,Female,cseftonas@about.com,804-184-3088,Apt 79,Richmond,Virginia,23208
390,Thatcher,Gimblet,81,Male,tgimbletat@vkontakte.ru,302-212-6335,2nd Floor,Newark,Delaware,19714
391,Tully,Dron,28,Male,tdronau@cnet.com,602-668-8259,PO Box 92979,Phoenix,Arizona,85072
392,Brendin,Ondracek,89,Male,bondracekav@yellowbook.com,937-947-4138,Room 1574,Dayton,Ohio,45414
393,Gregoire,Cicco,64,Male,gciccoaw@github.com,574-982-1719,14th Floor,South Bend,Indiana,46620
394,Kelcy,Regnard,53,Female,kregnardax@earthlink.net,612-629-1299,Apt 1063,Minneapolis,Minnesota,55470
395,Jakob,Wickham,28,Male,jwickhamay@fda.gov,317-260-8400,10th Floor,Indianapolis,Indiana,46231
396,Erika,McSherry,97,Female,emcsherryaz@sun.com,202-958-2420,Suite 40,Washington,District of Columbia,20088
397,Janine,Verden,16,Female,jverdenb0@go.com,806-601-5474,Suite 17,Amarillo,Texas,79171
398,Babette,Grono,30,Female,bgronob1@godaddy.com,936-871-1401,Room 249,Huntsville,Texas,77343
399,Guillaume,Bill,78,Male,gbillb2@reverbnation.com,865-587-3196,PO Box 25031,Knoxville,Tennessee,37919
400,Dory,Jandak,94,Female,djandakb3@google.co.uk,814-124-0741,Apt 944,Erie,Pennsylvania,16550
401,Elna,Gylle,46,Female,egylleb4@printfriendly.com,818-454-4352,Apt 1657,Burbank,California,91505
402,Paco,Ragsdale,18,Male,pragsdaleb5@arizona.edu,816-539-6668,Suite 22,Kansas City,Missouri,64114
403,Marilee,Quinnelly,39,Female,mquinnellyb6@sphinn.com,303-757-2946,2nd Floor,Aurora,Colorado,80044
404,Marylin,McAllaster,68,Female,mmcallasterb7@ca.gov,954-137-4494,Room 232,Fort Lauderdale,Florida,33315
405,Gianni,Adnam,98,Male,gadnamb8@skyrock.com,916-109-5969,PO Box 95903,Sacramento,California,94291
406,Debera,Kharchinski,83,Female,dkharchinskib9@economist.com,706-707-3183,PO Box 47905,Columbus,Georgia,31914
407,Roselin,Horsted,61,Female,rhorstedba@nps.gov,480-688-1259,PO Box 84534,Mesa,Arizona,85205
408,Boothe,Tuckett,75,Male,btuckettbb@comsenz.com,504-983-0771,PO Box 29360,New Orleans,Louisiana,70154
409,Giffer,Fernao,24,Male,gfernaobc@upenn.edu,702-691-3807,Room 558,Las Vegas,Nevada,89155
410,Shina,Vedyaev,51,Female,svedyaevbd@1688.com,202-222-0985,Apt 982,Washington,District of Columbia,20404
411,Quentin,Linskill,78,Male,qlinskillbe@networkadvertising.org,216-774-9070,Apt 335,Cleveland,Ohio,44130
412,Myrta,Do Rosario,92,Other,mdorosariobf@ask.com,949-311-4502,Room 1229,Irvine,California,92619
413,Giacopo,Traill,14,Male,gtraillbg@home.pl,512-511-7644,PO Box 42551,Austin,Texas,78715
414,Ripley,Plummer,52,Male,rplummerbh@dot.gov,512-967-9090,Suite 80,Austin,Texas,78778
415,Essie,Giovanizio,15,Female,egiovaniziobi@adobe.com,304-569-3213,Room 313,Charleston,West Virginia,25336
416,Guntar,Cazereau,81,Male,gcazereaubj@slideshare.net,816-898-9808,Suite 89,Kansas City,Missouri,64149
417,Terri,Risbrough,54,Female,trisbroughbk@economist.com,718-934-9814,6th Floor,Staten Island,New York,10305
418,Cesar,Hrinchishin,14,Male,chrinchishinbl@elpais.com,414-697-1228,PO Box 4660,Milwaukee,Wisconsin,53215
419,Rollie,Biggen,83,Male,rbiggenbm@google.co.uk,570-367-5081,Suite 61,Wilkes Barre,Pennsylvania,18706
420,Cordie,Ruscoe,32,Male,cruscoebn@theatlantic.com,323-807-3475,PO Box 62127,Los Angeles,California,90060
421,Thatcher,Armytage,40,Male,tarmytagebo@pen.io,203-317-5209,PO Box 35775,Bridgeport,Connecticut,6606
422,Berke,Hoggin,66,Male,bhogginbp@google.cn,408-378-6935,Apt 1254,San Jose,California,95194
423,Mychal,Crampin,34,Male,mcrampinbq@vinaora.com,503-240-6563,1st Floor,Portland,Oregon,97296
424,Austina,Aukland,64,Female,aauklandbr@google.it,417-582-6574,Suite 100,Springfield,Missouri,65805
425,Christian,Grzeszczak,79,Female,cgrzeszczakbs@aol.com,321-481-8080,Suite 74,Orlando,Florida,32813
426,Poul,Ridolfi,44,Male,pridolfibt@cargocollective.com,928-255-7288,13th Floor,Prescott,Arizona,86305
427,Ariel,D'Aeth,89,Female,adaethbu@redcross.org,937-894-8060,Suite 79,Dayton,Ohio,45490
428,Elana,Keyes,59,Female,ekeyesbv@edublogs.org,812-979-1308,Room 689,Terre Haute,Indiana,47805
429,Stefano,Chave,84,Male,schavebw@github.com,334-307-4181,PO Box 15623,Birmingham,Alabama,35210
430,Crista,Werndly,75,Female,cwerndlybx@last.fm,314-521-9399,Suite 56,Saint Louis,Missouri,63110
431,Wendy,Gersam,96,Female,wgersamby@ucoz.com,701-706-5768,Suite 89,Fargo,North Dakota,58122
432,Calli,Domelow,94,Female,cdomelowbz@tamu.edu,352-536-0371,Suite 40,Gainesville,Florida,32627
433,Yanaton,Arnley,53,Male,yarnleyc0@angelfire.com,218-664-9696,6th Floor,Minneapolis,Minnesota,55423
434,Dorella,Curle,100,Female,dcurlec1@godaddy.com,754-635-5052,PO Box 40024,Pompano Beach,Florida,33075
435,Kienan,Markos,74,Male,kmarkosc2@aol.com,801-526-1582,Suite 76,Salt Lake City,Utah,84170
436,Carlye,Corbitt,15,Female,ccorbittc3@a8.net,916-326-5298,Apt 563,Sacramento,California,94257
437,Ethelyn,Bakhrushkin,92,Other,ebakhrushkinc4@4shared.com,859-971-3893,Suite 10,Lexington,Kentucky,40515
438,Mona,Dumphries,54,Female,mdumphriesc5@telegraph.co.uk,856-864-1626,PO Box 97083,Camden,New Jersey,8104
439,Adiana,Dumbrill,69,Female,adumbrillc6@prlog.org,214-924-7256,Room 1044,Dallas,Texas,75277
440,Kaile,Teggart,96,Female,kteggartc7@ted.com,609-986-4680,Apt 408,Trenton,New Jersey,8638
441,Maxi,Meneyer,63,Female,mmeneyerc8@vk.com,503-518-3519,PO Box 47941,Beaverton,Oregon,97075
442,Crista,Poppy,34,Female,cpoppyc9@google.com.br,225-982-5728,Room 747,Baton Rouge,Louisiana,70826
443,Zabrina,Wedmore,27,Female,zwedmoreca@nsw.gov.au,907-747-7127,20th Floor,Anchorage,Alaska,99517
444,Fletcher,Purdon,36,Male,fpurdoncb@census.gov,515-759-3835,Apt 1175,Des Moines,Iowa,50936
445,Vi,Rosenhaupt,59,Female,vrosenhauptcc@ucoz.com,602-224-8256,Apt 1724,Phoenix,Arizona,85045
446,Kirk,Strongman,40,Male,kstrongmancd@usda.gov,203-353-6238,Room 1246,Norwalk,Connecticut,6854
447,Perice,Blyde,60,Male,pblydece@symantec.com,718-922-4201,8th Floor,Brooklyn,New York,11210
448,Brandais,Wadeson,64,Female,bwadesoncf@exblog.jp,717-746-4753,Suite 73,Harrisburg,Pennsylvania,17140
449,Raychel,Norrie,91,Female,rnorriecg@list-manage.com,808-825-6053,Room 1341,Honolulu,Hawaii,96835
450,Rogerio,Dobkin,64,Male,rdobkinch@kickstarter.com,410-570-1341,Apt 1178,Ridgely,Maryland,21684
451,Pembroke,Stabler,69,Male,pstablerci@cpanel.net,207-107-3131,PO Box 53559,Portland,Maine,4109
452,Ilsa,Lerven,48,Female,ilervencj@mapquest.com,713-730-4130,Apt 512,Houston,Texas,77271
453,Gail,Carmichael,90,Male,gcarmichaelck@infoseek.co.jp,713-388-5204,Apt 258,Houston,Texas,77240
454,Karola,Nipper,93,Female,knippercl@facebook.com,505-794-7837,PO Box 41767,Santa Fe,New Mexico,87505
455,Jennee,Antonikov,62,Female,jantonikovcm@theglobeandmail.com,502-704-6640,Apt 1639,Louisville,Kentucky,40220
456,Duky,Pierton,84,Male,dpiertoncn@jalbum.net,559-243-7673,Apt 1755,Fresno,California,93786
457,Auberta,Dagwell,33,Female,adagwellco@slashdot.org,918-174-2911,1st Floor,Tulsa,Oklahoma,74141
458,Goddard,Erie,57,Male,geriecp@apache.org,404-224-1826,Apt 1844,Duluth,Georgia,30096
459,Emmett,Rosi,71,Male,erosicq@blinklist.com,260-898-7497,5th Floor,Fort Wayne,Indiana,46857
460,Clementia,Sprake,54,Other,csprakecr@flickr.com,330-484-3552,PO Box 74061,Akron,Ohio,44329
461,Rudolf,Woofenden,26,Male,rwoofendencs@twitpic.com,216-959-0660,7th Floor,Cleveland,Ohio,44197
462,Fowler,Orry,41,Male,forryct@angelfire.com,803-950-2447,PO Box 83905,Columbia,South Carolina,29220
463,Doroteya,Van Daalen,79,Female,dvandaalencu@example.com,859-803-4224,PO Box 58756,Lexington,Kentucky,40576
464,Vernice,Pawson,89,Female,vpawsoncv@bluehost.com,404-690-0008,Room 1217,Atlanta,Georgia,30351
465,Rickert,Weatherhill,100,Male,rweatherhillcw@arstechnica.com,425-218-8638,Room 306,Seattle,Washington,98140
466,Washington,McCaughan,85,Male,wmccaughancx@pcworld.com,404-878-1977,Room 303,Atlanta,Georgia,30301
467,Valaria,Ortler,78,Female,vortlercy@deliciousdays.com,415-226-0541,Suite 75,San Francisco,California,94116
468,Alexandros,Lehr,26,Male,alehrcz@icio.us,212-411-6936,Suite 25,New York City,New York,10275
469,Trey,Stanbridge,49,Male,tstanbridged0@symantec.com,910-448-7441,Suite 32,Fayetteville,North Carolina,28305
470,Colene,Haskett,50,Female,chaskettd1@4shared.com,520-704-4564,7th Floor,Tucson,Arizona,85705
471,Ronny,Cruxton,27,Other,rcruxtond2@wsj.com,716-373-5096,Room 1879,Buffalo,New York,14205
472,Jodie,Antliff,42,Male,jantliffd3@tuttocitta.it,915-435-4643,Room 408,El Paso,Texas,79955
473,Juliet,Stolle,61,Female,jstolled4@cnbc.com,818-916-9957,20th Floor,Glendale,California,91205
474,Gardiner,Blackall,39,Male,gblackalld5@sogou.com,601-269-8697,Apt 733,Jackson,Mississippi,39216
475,Vivienne,Artingstall,76,Female,vartingstalld6@sfgate.com,239-217-1006,Suite 89,Naples,Florida,34108
476,Rufus,Exton,59,Male,rextond7@home.pl,636-913-4137,10th Floor,Saint Louis,Missouri,63126
477,Dana,Moreton,94,Male,dmoretond8@samsung.com,309-927-7988,PO Box 92705,Peoria,Illinois,61656
478,Eustacia,Simcock,92,Female,esimcockd9@constantcontact.com,661-433-9067,1st Floor,Burbank,California,91505
479,Christy,Franz-Schoninger,85,Male,cfranzschoningerda@dagondesign.com,303-553-3593,Room 314,Denver,Colorado,80262
480,Torie,Layman,78,Female,tlaymandb@privacy.gov.au,408-718-8528,13th Floor,San Jose,California,95108
481,Danya,Chasemoore,80,Male,dchasemooredc@berkeley.edu,814-715-1404,Suite 27,Erie,Pennsylvania,16510
482,Gretchen,Demchen,42,Female,gdemchendd@paginegialle.it,410-901-1223,Room 1882,Baltimore,Maryland,21282
483,Noelle,Caplis,73,Female,ncaplisde@msn.com,919-321-8885,Suite 11,Raleigh,North Carolina,27690
484,Stearne,de Pinna,39,Male,sdepinnadf@qq.com,916-494-4074,4th Floor,Sacramento,California,94286
485,Mario,Brogden,39,Male,mbrogdendg@telegraph.co.uk,610-700-6296,17th Floor,Bethlehem,Pennsylvania,18018
486,Hildagarde,Kerss,83,Female,hkerssdh@wix.com,804-507-2501,17th Floor,Richmond,Virginia,23237
487,Freida,Schoales,34,Female,fschoalesdi@over-blog.com,202-366-3139,Room 1415,Alexandria,Virginia,22301
488,Crawford,Brewins,69,Male,cbrewinsdj@walmart.com,915-132-2633,Apt 441,El Paso,Texas,88574
489,Kristian,Dufoure,58,Male,kdufouredk@taobao.com,909-299-1160,Room 699,Pomona,California,91797
490,Kippy,Wolver,50,Male,kwolverdl@fc2.com,786-206-6982,16th Floor,Miami,Florida,33245
491,Yves,Dumigan,63,Male,ydumigandm@yellowpages.com,816-339-0002,PO Box 11387,Kansas City,Missouri,64125
492,Fowler,Hause,34,Male,fhausedn@discovery.com,239-117-2354,Suite 21,Naples,Florida,34114
493,Erma,Verrillo,87,Female,everrillodo@bravesites.com,304-501-3746,Suite 24,Charleston,West Virginia,25313
494,Vernon,Pumphrey,53,Male,vpumphreydp@hao123.com,916-368-7725,Apt 1326,Sacramento,California,94257
495,Karee,Winser,64,Other,kwinserdq@blinklist.com,360-842-6471,18th Floor,Vancouver,Washington,98664
496,Margery,Corbin,20,Female,mcorbindr@berkeley.edu,918-937-0218,PO Box 79293,Tulsa,Oklahoma,74103
497,Sigrid,Cape,98,Female,scapeds@dailymotion.com,763-287-9287,PO Box 38545,Monticello,Minnesota,55590
498,Arley,Scardafield,62,Male,ascardafielddt@europa.eu,561-184-6745,PO Box 44848,Boca Raton,Florida,33499
499,Turner,Latehouse,99,Male,tlatehousedu@delicious.com,720-276-4623,PO Box 79268,Denver,Colorado,80204
500,Tedda,Gircke,80,Female,tgirckedv@sourceforge.net,801-481-3404,Apt 757,Salt Lake City,Utah,84130
501,Chet,Verrick,67,Male,cverrickdw@moonfruit.com,757-984-1587,5th Floor,Richmond,Virginia,23225
502,Lonnard,Barney,78,Male,lbarneydx@jalbum.net,210-441-3766,Suite 24,San Antonio,Texas,78215
503,Sanson,Warlawe,62,Male,swarlawedy@blogger.com,317-439-4280,Apt 387,Indianapolis,Indiana,46247
504,Dilly,Ughelli,77,Male,dughellidz@seesaa.net,501-302-1092,9th Floor,Little Rock,Arkansas,72231
505,Ladonna,Sinott,51,Female,lsinotte0@ihg.com,414-124-0198,Room 774,Milwaukee,Wisconsin,53215
506,Giraud,Dudbridge,16,Male,gdudbridgee1@mayoclinic.com,408-530-2012,Room 1910,San Jose,California,95150
507,Hernando,Ben,57,Male,hbene2@deviantart.com,347-281-8148,Apt 785,Flushing,New York,11388
508,Hans,Quarton,74,Male,hquartone3@devhub.com,619-806-9677,Room 662,Santa Ana,California,92705
509,Mill,Boydle,63,Male,mboydlee4@liveinternet.ru,408-648-2938,PO Box 92003,San Jose,California,95160
510,Germaine,Ruggiero,50,Male,gruggieroe5@bing.com,650-314-2604,Apt 35,Redwood City,California,94064
511,Tessi,Sharvell,87,Other,tsharvelle6@earthlink.net,412-512-4410,19th Floor,Pittsburgh,Pennsylvania,15215
512,Rich,Churchill,53,Male,rchurchille7@sun.com,702-662-2944,2nd Floor,Henderson,Nevada,89012
513,Roberto,Grunguer,67,Male,rgrunguere8@spiegel.de,816-552-5538,Suite 37,Independence,Missouri,64054
514,Hobie,Phizacklea,82,Male,hphizackleae9@com.com,863-526-7806,11th Floor,Lakeland,Florida,33805
515,Bethena,Cossans,83,Female,bcossansea@ebay.co.uk,210-495-0797,13th Floor,San Antonio,Texas,78250
516,Dasha,Truse,78,Female,dtruseeb@digg.com,713-607-1182,Apt 1689,Houston,Texas,77266
517,Galen,Balazs,28,Male,gbalazsec@businessinsider.com,727-556-6266,Apt 590,Saint Petersburg,Florida,33705
518,Golda,Pickering,19,Other,gpickeringed@com.com,917-595-1745,Room 1752,Brooklyn,New York,11236
519,Theobald,Reffe,82,Male,treffeee@disqus.com,251-171-5839,Suite 90,Mobile,Alabama,36689
520,Dolf,Branchflower,53,Other,dbranchfloweref@storify.com,406-172-0224,PO Box 76331,Billings,Montana,59105
521,Cordi,Eadmeades,50,Female,ceadmeadeseg@ebay.com,202-521-9724,PO Box 80957,Washington,District of Columbia,20260
522,Nerti,Rizzolo,87,Female,nrizzoloeh@cbc.ca,573-302-1705,14th Floor,Jefferson City,Missouri,65105
523,Fax,Abreheart,19,Male,fabreheartei@vistaprint.com,212-557-6650,Apt 91,New York City,New York,10150
524,Moore,Klimkovich,60,Other,mklimkovichej@marketwatch.com,309-498-8749,Apt 1156,Peoria,Illinois,61656
525,Tulley,Tofanelli,90,Other,ttofanelliek@people.com.cn,402-450-5495,Apt 755,Lincoln,Nebraska,68517
526,Natividad,Cust,42,Female,ncustel@hc360.com,702-726-8457,Room 272,Las Vegas,Nevada,89155
527,Noel,Prettjohn,44,Male,nprettjohnem@issuu.com,786-311-3038,Apt 1228,Miami,Florida,33164
528,Sib,Berford,37,Female,sberforden@hibu.com,318-791-3525,Suite 85,Boston,Massachusetts,2104
529,Lyndsey,Spencook,42,Female,lspencookeo@businesswire.com,804-483-0526,Apt 118,Richmond,Virginia,23260
530,Starlene,O'Neary,33,Female,sonearyep@sohu.com,517-265-4517,PO Box 20459,Lansing,Michigan,48901
531,Evy,Hansed,23,Female,ehansedeq@samsung.com,309-927-9345,15th Floor,Peoria,Illinois,61629
532,Nadeen,Peet,94,Female,npeeter@reuters.com,213-206-3703,Room 1168,Los Angeles,California,90040
533,Raquela,Andrick,42,Female,randrickes@biblegateway.com,402-532-9748,2nd Floor,Lincoln,Nebraska,68517
534,Jerrie,Wytchard,34,Other,jwytchardet@goodreads.com,503-739-9778,PO Box 23052,Portland,Oregon,97201
535,Cally,Doonican,88,Female,cdoonicaneu@photobucket.com,561-265-8401,Suite 25,Lake Worth,Florida,33462
536,Laurette,Beelby,35,Other,lbeelbyev@google.com.au,217-516-7317,14th Floor,Springfield,Illinois,62718
537,Janel,Mulcaster,37,Other,jmulcasterew@latimes.com,317-815-7844,Suite 72,Indianapolis,Indiana,46221
538,Betsey,Bashford,24,Other,bbashfordex@bizjournals.com,626-576-3642,12th Floor,Los Angeles,California,90010
539,Rad,Kynder,62,Male,rkynderey@twitpic.com,202-669-1841,PO Box 53696,Washington,District of Columbia,20005
540,Amandy,Durant,15,Female,adurantez@quantcast.com,210-569-8298,11th Floor,San Antonio,Texas,78235
541,Madelle,Tremellier,82,Female,mtremellierf0@exblog.jp,952-753-3463,8th Floor,Minneapolis,Minnesota,55436
542,Cate,Geere,53,Other,cgeeref1@ocn.ne.jp,202-696-1613,Room 1170,Washington,District of Columbia,20503
543,Daryle,Trewartha,81,Male,dtrewarthaf2@e-recht24.de,817-228-1712,Apt 1049,Arlington,Texas,76011
544,Alida,Gitting,42,Female,agittingf3@vinaora.com,317-476-1477,Apt 1034,Indianapolis,Indiana,46231
545,Clay,Playhill,19,Male,cplayhillf4@myspace.com,617-651-3207,Suite 34,Boston,Massachusetts,2124
546,Sela,Creeber,61,Female,screeberf5@w3.org,404-183-5672,PO Box 20527,Alpharetta,Georgia,30022
547,Alexi,Lowre,71,Female,alowref6@hhs.gov,904-484-9259,16th Floor,Jacksonville,Florida,32225
548,Alica,Effaunt,45,Female,aeffauntf7@cyberchimps.com,203-894-2162,PO Box 42241,Bridgeport,Connecticut,6673
549,Julietta,Kirkebye,48,Female,jkirkebyef8@bloglines.com,804-579-0738,Apt 669,Richmond,Virginia,23289
550,Shay,Cantopher,47,Male,scantopherf9@github.com,213-981-2157,Room 1418,North Hollywood,California,91616
551,Sean,Bennis,33,Female,sbennisfa@noaa.gov,415-426-9010,16th Floor,San Rafael,California,94913
552,Guinna,Oliveira,88,Female,goliveirafb@columbia.edu,806-279-2579,PO Box 28841,Amarillo,Texas,79171
553,Olivia,Eaglen,77,Female,oeaglenfc@tiny.cc,713-318-4901,Suite 37,Houston,Texas,77020
554,Otto,Passion,85,Male,opassionfd@weather.com,505-965-4917,PO Box 1720,Albuquerque,New Mexico,87105
555,Cori,Izkovici,40,Other,cizkovicife@jalbum.net,361-784-3565,Suite 47,Corpus Christi,Texas,78465
556,Sharyl,Petrashkov,55,Female,spetrashkovff@etsy.com,318-503-9967,PO Box 8808,Alexandria,Louisiana,71307
557,Wynn,Sorsbie,68,Male,wsorsbiefg@furl.net,314-686-7209,Suite 43,Saint Louis,Missouri,63121
558,Rayner,Dennehy,65,Male,rdennehyfh@cbslocal.com,212-700-2961,PO Box 32822,New York City,New York,10120
559,Florian,Cannavan,68,Male,fcannavanfi@google.pl,816-369-2911,PO Box 42053,Kansas City,Missouri,64149
560,Rosemarie,Longson,82,Other,rlongsonfj@harvard.edu,408-653-6898,Suite 22,San Jose,California,95133
561,Micky,Boorer,86,Male,mboorerfk@bloglovin.com,352-322-3230,Apt 1333,Gainesville,Florida,32627
562,Nellie,Wayne,76,Female,nwaynefl@blogs.com,415-281-8488,Suite 82,San Francisco,California,94105
563,Frances,Haibel,31,Female,fhaibelfm@pcworld.com,989-672-3354,Room 1808,Saginaw,Michigan,48609
564,Lori,Churchley,24,Female,lchurchleyfn@comcast.net,571-454-6041,PO Box 48393,Arlington,Virginia,22244
565,Florie,Utton,96,Female,futtonfo@hostgator.com,410-840-5164,Room 749,Baltimore,Maryland,21211
566,Buddie,Iorizzi,98,Male,biorizzifp@independent.co.uk,913-863-6979,Apt 1725,Kansas City,Kansas,66105
567,Eartha,Bineham,25,Female,ebinehamfq@sphinn.com,412-183-8071,4th Floor,Pittsburgh,Pennsylvania,15225
568,Carmine,Scampion,70,Other,cscampionfr@weebly.com,559-817-6653,Room 1860,Fullerton,California,92640
569,Angele,Tillett,38,Female,atillettfs@gov.uk,520-841-7906,PO Box 79821,Tucson,Arizona,85725
570,Abigael,Cream,49,Female,acreamft@smh.com.au,405-282-9484,Suite 6,Oklahoma City,Oklahoma,73147
571,Naomi,Chadwen,96,Female,nchadwenfu@wiley.com,605-876-8786,Suite 33,Sioux Falls,South Dakota,57110
572,Matthieu,Canelas,19,Male,mcanelasfv@chron.com,217-466-4533,Room 1324,Champaign,Illinois,61825
573,Brooks,Wildman,33,Male,bwildmanfw@buzzfeed.com,814-541-7302,12th Floor,Erie,Pennsylvania,16505
574,Way,Yearby,39,Male,wyearbyfx@aboutads.info,501-988-6316,Apt 902,Little Rock,Arkansas,72222
575,Cher,Glave,32,Female,cglavefy@people.com.cn,305-148-6665,14th Floor,Miami,Florida,33283
576,Carver,Wedge,76,Male,cwedgefz@topsy.com,806-677-8660,Apt 372,Lubbock,Texas,79491
577,Winnah,Brassington,33,Female,wbrassingtong0@godaddy.com,402-342-2271,Apt 1467,Omaha,Nebraska,68197
578,Bernie,Dorber,75,Female,bdorberg1@facebook.com,678-740-0655,10th Floor,Atlanta,Georgia,30328
579,Rip,Algeo,50,Male,ralgeog2@bbb.org,718-166-2022,Room 1463,Bronx,New York,10454
580,Graehme,Bygott,32,Other,gbygottg3@ibm.com,818-726-0447,4th Floor,Burbank,California,91520
581,Marijn,Duddin,16,Male,mdudding4@sogou.com,515-655-0057,Apt 719,Des Moines,Iowa,50362
582,Barr,Millthorpe,21,Male,bmillthorpeg5@yellowpages.com,917-250-0035,5th Floor,Jamaica,New York,11470
583,Morton,Burgoine,29,Male,mburgoineg6@ycombinator.com,203-645-7171,Apt 1594,Norwalk,Connecticut,6859
584,Chic,Brobyn,92,Male,cbrobyng7@devhub.com,412-369-4616,Room 565,Mc Keesport,Pennsylvania,15134
585,Carin,Euler,14,Female,ceulerg8@answers.com,213-914-7938,Suite 16,Los Angeles,California,90025
586,Kata,Peirce,95,Female,kpeirceg9@cnn.com,432-361-5705,18th Floor,Midland,Texas,79710
587,Ev,Prevost,39,Male,eprevostga@angelfire.com,559-138-8963,Room 1697,Modesto,California,95354
588,Dennet,Lavrinov,86,Male,dlavrinovgb@canalblog.com,205-253-0552,Apt 981,Birmingham,Alabama,35295
589,Alane,Precious,94,Female,apreciousgc@istockphoto.com,985-187-1189,Apt 1995,New Orleans,Louisiana,70124
590,Belva,Keighly,25,Other,bkeighlygd@quantcast.com,915-767-8748,Apt 1645,El Paso,Texas,79999
591,Freemon,Cabbell,99,Male,fcabbellge@sogou.com,334-110-8615,Room 587,Montgomery,Alabama,36177
592,Jesselyn,Wrankling,40,Female,jwranklinggf@icio.us,915-552-4507,2nd Floor,El Paso,Texas,79916
593,Freddy,Hindmoor,43,Female,fhindmoorgg@yale.edu,720-567-7806,Suite 63,Denver,Colorado,80223
594,Bradford,Derby,49,Male,bderbygh@ebay.co.uk,408-221-8588,17th Floor,San Jose,California,95108
595,Caryl,Syphas,21,Female,csyphasgi@storify.com,954-905-9957,15th Floor,Hollywood,Florida,33028
596,Nickolas,Craigg,84,Male,ncraigggj@facebook.com,209-348-7742,19th Floor,Stockton,California,95205
597,Vinny,Ayris,84,Female,vayrisgk@spotify.com,727-438-6236,7th Floor,Saint Petersburg,Florida,33710
598,Stafford,O'Doherty,49,Male,sodohertygl@latimes.com,615-282-6033,Suite 47,Nashville,Tennessee,37210
599,Giffard,O'Lynn,64,Male,golynngm@baidu.com,918-964-6842,Suite 60,Tulsa,Oklahoma,74193
600,Kristan,Donisi,99,Female,kdonisign@wordpress.org,714-861-1646,Suite 25,Santa Ana,California,92725
601,Reinhard,Cofax,43,Male,rcofaxgo@behance.net,860-474-3267,PO Box 81985,Hartford,Connecticut,6140
602,Albertina,Rooson,84,Female,aroosongp@pcworld.com,772-470-8017,18th Floor,Vero Beach,Florida,32964
603,Noreen,Pettwood,94,Female,npettwoodgq@addthis.com,806-225-2975,Room 1969,Amarillo,Texas,79171
604,Jeanne,Barefoot,19,Other,jbarefootgr@census.gov,251-454-1323,PO Box 68550,Mobile,Alabama,36689
605,Tamera,Americi,99,Female,tamericigs@uiuc.edu,352-596-3272,PO Box 56416,Gainesville,Florida,32610
606,Arlyn,Jouning,67,Female,ajouninggt@youku.com,850-710-9183,PO Box 65962,Tallahassee,Florida,32309
607,Cece,Coper,65,Male,ccopergu@state.tx.us,801-655-2280,Room 630,Ogden,Utah,84409
608,Rebekah,Rimes,67,Female,rrimesgv@buzzfeed.com,323-142-9247,Room 1630,Los Angeles,California,90076
609,Evered,Mithan,86,Male,emithangw@skype.com,727-178-9825,16th Floor,Saint Petersburg,Florida,33715
610,Courtenay,Skokoe,18,Female,cskokoegx@php.net,315-132-7166,Suite 86,Utica,New York,13505
611,Willetta,Fernehough,79,Female,wfernehoughgy@trellian.com,310-454-8319,Room 1148,Santa Monica,California,90405
612,Emelda,Atkin,82,Female,eatkingz@comsenz.com,203-901-5479,Suite 60,Stamford,Connecticut,6905
613,Francesco,Dorkins,77,Male,fdorkinsh0@clickbank.net,434-964-8678,Room 886,Charlottesville,Virginia,22908
614,Shae,Seers,75,Female,sseersh1@woothemes.com,310-146-1694,Suite 75,Torrance,California,90505
615,Aldus,Moyer,74,Male,amoyerh2@ifeng.com,941-117-9697,Suite 27,Naples,Florida,34108
616,Juanita,Neljes,86,Female,jneljesh3@jalbum.net,804-473-8359,Apt 1821,Richmond,Virginia,23272
617,Jacqueline,Burdin,50,Other,jburdinh4@fotki.com,520-181-9435,PO Box 35725,Tucson,Arizona,85737
618,Pace,Costall,22,Male,pcostallh5@simplemachines.org,720-266-8139,1st Floor,Boulder,Colorado,80305
619,Georgie,Follan,100,Male,gfollanh6@skype.com,808-966-6437,Apt 795,Honolulu,Hawaii,96845
620,Jaynell,Ros,48,Other,jrosh7@bbc.co.uk,214-148-6221,Room 702,Dallas,Texas,75265
621,Willa,Perle,66,Other,wperleh8@i2i.jp,323-596-3267,PO Box 42299,Los Angeles,California,90094
622,Ferdie,Peskett,46,Male,fpesketth9@wikispaces.com,202-499-8121,PO Box 18505,Washington,District of Columbia,20268
623,Jakie,Melbourn,76,Male,jmelbournha@webnode.com,520-562-0299,Suite 33,Tucson,Arizona,85754
624,Marsha,Clemenzo,99,Female,mclemenzohb@ibm.com,815-991-2235,PO Box 38508,Rockford,Illinois,61105
625,Red,Norcliff,70,Other,rnorcliffhc@cornell.edu,916-235-6204,1st Floor,Sacramento,California,95813
626,Skipton,Dot,69,Male,sdothd@blogger.com,360-490-4907,Apt 1020,Seattle,Washington,98121
627,Carrissa,Emblen,81,Other,cemblenhe@go.com,202-976-9467,1st Floor,Washington,District of Columbia,20205
628,Wendall,Mac Giany,79,Other,wmacgianyhf@tuttocitta.it,203-660-1062,Room 1394,New Haven,Connecticut,6510
629,Ivar,Rosenbarg,62,Male,irosenbarghg@dmoz.org,917-176-5864,1st Floor,Flushing,New York,11388
630,Karna,Martt,38,Female,kmartthh@msu.edu,425-582-3790,Apt 601,Bellevue,Washington,98008
631,Ariadne,Kibbee,40,Female,akibbeehi@oaic.gov.au,323-391-6541,Room 1618,Los Angeles,California,90040
632,Bronny,Hauch,79,Male,bhauchhj@etsy.com,361-346-0978,PO Box 4508,Corpus Christi,Texas,78470
633,Tabbitha,Ewbank,22,Female,tewbankhk@tripod.com,315-915-6688,PO Box 15563,Syracuse,New York,13205
634,Lewie,Poxon,49,Male,lpoxonhl@drupal.org,319-607-4478,Apt 530,Waterloo,Iowa,50706
635,Vlad,Thorneloe,14,Male,vthorneloehm@edublogs.org,210-942-3725,Suite 30,San Antonio,Texas,78235
636,Waylon,Jerok,85,Male,wjerokhn@homestead.com,281-145-3763,2nd Floor,Houston,Texas,77015
637,Aubrette,Rojahn,19,Female,arojahnho@independent.co.uk,802-614-3089,Room 445,Montpelier,Vermont,5609
638,Charil,Reedy,90,Female,creedyhp@washington.edu,321-364-9067,17th Floor,Melbourne,Florida,32941
639,Jackqueline,Colcutt,96,Other,jcolcutthq@google.co.jp,702-501-1801,Apt 1335,North Las Vegas,Nevada,89087
640,Reuben,Culbert,87,Male,rculberthr@bloglines.com,515-598-8430,Apt 1380,Des Moines,Iowa,50981
641,Baillie,Hamnet,30,Male,bhamneths@skype.com,502-321-4530,Suite 52,Louisville,Kentucky,40256
642,Basilius,McKeaney,79,Male,bmckeaneyht@globo.com,480-286-7958,14th Floor,Chandler,Arizona,85246
643,Bay,Vagg,91,Male,bvagghu@4shared.com,313-330-3403,Room 1694,Detroit,Michigan,48232
644,Zuzana,Gurry,48,Female,zgurryhv@gov.uk,214-460-2962,PO Box 23668,Dallas,Texas,75353
645,Britt,Hadeke,72,Male,bhadekehw@europa.eu,978-285-3289,Suite 23,Boston,Massachusetts,2163
646,Yelena,Heakey,21,Female,yheakeyhx@yahoo.com,203-157-1406,PO Box 82655,New Haven,Connecticut,6533
647,Felice,Pratt,36,Female,fpratthy@google.pl,202-632-8240,5th Floor,Washington,District of Columbia,20580
648,Brittaney,Nockells,63,Female,bnockellshz@jugem.jp,757-596-7415,Apt 1552,Virginia Beach,Virginia,23464
649,Marietta,Rumin,29,Male,mrumini0@google.fr,801-933-5074,9th Floor,Sandy,Utah,84093
650,Renate,Chifney,91,Female,rchifneyi1@wikipedia.org,904-293-2900,7th Floor,Jacksonville,Florida,32215
651,Shell,Hamsson,97,Female,shamssoni2@t-online.de,205-966-2822,Apt 580,Birmingham,Alabama,35279
652,Camey,Gowers,65,Male,cgowersi3@google.de,772-655-8331,PO Box 63959,Vero Beach,Florida,32969
653,Olin,Writtle,46,Male,owrittlei4@sitemeter.com,478-502-8811,Suite 47,Macon,Georgia,31205
654,Tyrone,Clemmens,24,Male,tclemmensi5@youtu.be,318-201-1977,PO Box 99379,Shreveport,Louisiana,71151
655,Lonnard,Sonier,46,Male,lsonieri6@ocn.ne.jp,402-387-2964,Apt 818,Omaha,Nebraska,68110
656,Ingrid,Pund,67,Other,ipundi7@twitpic.com,601-768-3404,Room 24,Jackson,Mississippi,39210
657,Gus,Marion,70,Male,gmarioni8@dell.com,404-197-5136,Room 1878,Atlanta,Georgia,30336
658,Miof mela,Heskey,83,Female,mheskeyi9@berkeley.edu,712-919-8929,17th Floor,Sioux City,Iowa,51110
659,Orly,Sagrott,40,Female,osagrottia@macromedia.com,918-368-0848,Room 153,Tulsa,Oklahoma,74156
660,Kettie,Bodicam,48,Female,kbodicamib@last.fm,212-868-3840,Room 1647,New York City,New York,10275
661,Maren,Skade,82,Female,mskadeic@ezinearticles.com,843-719-9432,10th Floor,Charleston,South Carolina,29411
662,Kaila,Lawtie,66,Female,klawtieid@columbia.edu,707-529-4977,Suite 51,Santa Rosa,California,95405
663,Gerhardine,Bate,91,Female,gbateie@ning.com,919-510-8878,Apt 607,Raleigh,North Carolina,27605
664,Blancha,Webburn,97,Female,bwebburnif@cdbaby.com,812-310-6414,Apt 856,Evansville,Indiana,47732
665,Eleanora,Heathcote,55,Female,eheathcoteig@opera.com,503-882-4277,PO Box 54059,Portland,Oregon,97216
666,Adolphe,Cansfield,85,Male,acansfieldih@patch.com,757-934-4563,Room 1405,Virginia Beach,Virginia,23454
667,Drusi,Androsik,47,Female,dandrosikii@wix.com,559-239-8200,Apt 1427,Fresno,California,93786
668,Gabriele,Piken,55,Male,gpikenij@geocities.com,214-204-5780,PO Box 11739,Dallas,Texas,75392
669,Bab,Knoles,74,Female,bknolesik@reverbnation.com,262-813-6169,Suite 78,Racine,Wisconsin,53405
670,Tyrone,Trusse,24,Male,ttrusseil@amazon.com,480-112-5177,PO Box 74397,Phoenix,Arizona,85040
671,Ulick,Lapslie,49,Male,ulapslieim@mashable.com,304-328-6840,PO Box 33158,Charleston,West Virginia,25389
672,Netty,Larchiere,35,Female,nlarchierein@bbc.co.uk,646-381-1196,Apt 1687,Brooklyn,New York,11205
673,Guillermo,O'Flaverty,74,Male,goflavertyio@virginia.edu,602-640-8030,Suite 51,Tempe,Arizona,85284
674,Griffy,Fittall,51,Male,gfittallip@wordpress.org,917-140-2680,17th Floor,Brooklyn,New York,11236
675,Tommi,Matisse,29,Female,tmatisseiq@dell.com,614-300-2542,Suite 77,Columbus,Ohio,43204
676,Cyrus,Osborn,55,Male,cosbornir@whitehouse.gov,501-333-4716,Apt 311,North Little Rock,Arkansas,72199
677,Val,Retchford,14,Male,vretchfordis@guardian.co.uk,903-560-0558,PO Box 87992,Texarkana,Texas,75507
678,Ragnar,Moody,87,Male,rmoodyit@disqus.com,425-417-7664,Apt 541,Everett,Washington,98206
679,Gilbertina,O'Donoghue,15,Female,godonoghueiu@hud.gov,574-703-1064,Room 1052,South Bend,Indiana,46614
680,Javier,McVie,98,Male,jmcvieiv@w3.org,408-569-5962,10th Floor,San Jose,California,95123
681,Jackie,Shawl,74,Male,jshawliw@mozilla.org,509-565-9088,Room 775,Yakima,Washington,98907
682,Paten,Gaze,77,Male,pgazeix@woothemes.com,406-143-3047,Apt 1339,Bozeman,Montana,59771
683,Tobe,Lease,65,Male,tleaseiy@walmart.com,772-718-8229,7th Floor,Fort Pierce,Florida,34949
684,Reynard,Iwanowski,16,Male,riwanowskiiz@wix.com,402-398-0448,Suite 57,Omaha,Nebraska,68117
685,Abbey,Brade,44,Male,abradej0@bigcartel.com,212-895-0560,PO Box 53162,New York City,New York,10090
686,Gilbertina,Crickmer,87,Female,gcrickmerj1@imageshack.us,612-543-2879,Room 964,Minneapolis,Minnesota,55412
687,Roxie,Leile,32,Female,rleilej2@slideshare.net,808-264-8541,16th Floor,Honolulu,Hawaii,96810
688,Mercedes,Brosi,67,Female,mbrosij3@goo.gl,602-209-0264,Room 2,Phoenix,Arizona,85062
689,Rip,McQuilliam,75,Male,rmcquilliamj4@hubpages.com,314-680-5481,Room 161,Saint Louis,Missouri,63158
690,Nil,Barnewelle,51,Male,nbarnewellej5@issuu.com,405-102-8549,Room 391,Oklahoma City,Oklahoma,73147
691,Dena,Beggi,33,Female,dbeggij6@wired.com,857-430-4023,PO Box 94146,Boston,Massachusetts,2114
692,Dredi,Kleimt,85,Female,dkleimtj7@nih.gov,602-521-7308,PO Box 60469,Phoenix,Arizona,85030
693,Darn,Conachie,76,Male,dconachiej8@cpanel.net,817-500-8687,Apt 1063,Fort Worth,Texas,76121
694,Norrie,Ivchenko,78,Female,nivchenkoj9@senate.gov,717-857-3594,8th Floor,Harrisburg,Pennsylvania,17126
695,Chiarra,Hooks,19,Female,chooksja@berkeley.edu,516-749-2123,Suite 31,New York City,New York,10004
696,Charity,Dillaway,34,Female,cdillawayjb@blogger.com,386-590-7374,PO Box 66884,Daytona Beach,Florida,32128
697,Linea,Norrington,28,Female,lnorringtonjc@xrea.com,256-576-1664,2nd Floor,Huntsville,Alabama,35810
698,Romeo,Cruddace,77,Male,rcruddacejd@google.ru,239-522-9462,Room 95,Naples,Florida,33963
699,Cherilyn,Ryall,32,Female,cryallje@addtoany.com,941-839-0655,Suite 28,Bradenton,Florida,34205
700,Randy,Maidment,78,Male,rmaidmentjf@ezinearticles.com,760-835-1322,Apt 864,Carlsbad,California,92013
701,Junette,Nealon,14,Female,jnealonjg@scientificamerican.com,973-276-0550,Suite 31,Newark,New Jersey,7112
702,Charisse,Fuggles,99,Female,cfugglesjh@ihg.com,321-806-8722,Room 339,Orlando,Florida,32813
703,Dori,Phelp,76,Female,dphelpji@seattletimes.com,312-288-9184,Suite 66,Chicago,Illinois,60674
704,Germaine,Bernardot,81,Male,gbernardotjj@who.int,757-348-1843,Room 867,Norfolk,Virginia,23520
705,Patric,MacTurlough,92,Male,pmacturloughjk@npr.org,619-276-8114,Room 909,San Diego,California,92115
706,Inness,Bowhey,51,Male,ibowheyjl@bizjournals.com,716-889-4330,Apt 1504,Buffalo,New York,14276
707,Cece,Parradine,51,Male,cparradinejm@themeforest.net,718-810-2600,Apt 1457,Flushing,New York,11388
708,Lemmy,Shawyers,79,Male,lshawyersjn@rakuten.co.jp,320-652-2472,Apt 1637,Saint Cloud,Minnesota,56372
709,Evaleen,Watman,99,Female,ewatmanjo@seesaa.net,719-469-6908,Room 168,Colorado Springs,Colorado,80915
710,Allard,Pocklington,61,Male,apocklingtonjp@addtoany.com,512-571-1592,Suite 48,Austin,Texas,78737
711,Hakeem,Moffett,78,Male,hmoffettjq@telegraph.co.uk,480-888-9641,Room 1998,Scottsdale,Arizona,85260
712,Zelig,Farquhar,91,Male,zfarquharjr@oracle.com,617-750-8100,Room 6,Boston,Massachusetts,2216
713,Perle,Copson,97,Female,pcopsonjs@biblegateway.com,585-597-2818,Suite 70,Rochester,New York,14683
714,Martie,Brimilcombe,87,Male,mbrimilcombejt@de.vu,678-964-5825,2nd Floor,Gainesville,Georgia,30506
715,Finley,Goldsbrough,68,Male,fgoldsbroughju@dot.gov,319-467-5650,Room 1052,Waterloo,Iowa,50706
716,Viva,Sumpner,21,Female,vsumpnerjv@cnbc.com,863-546-2696,Apt 785,Winter Haven,Florida,33884
717,Kaleb,Luther,54,Male,klutherjw@feedburner.com,361-810-5062,Suite 7,Corpus Christi,Texas,78426
718,Keri,Tire,83,Female,ktirejx@house.gov,512-700-6131,Suite 87,Austin,Texas,78710
719,Rhys,Worlock,86,Male,rworlockjy@cnn.com,801-968-8473,Suite 10,Ogden,Utah,84409
720,Axel,Butten,19,Other,abuttenjz@shutterfly.com,260-570-0835,Suite 69,Fort Wayne,Indiana,46862
721,Egbert,Corrigan,83,Male,ecorrigank0@unc.edu,325-196-3489,PO Box 11012,San Angelo,Texas,76905
722,Elene,Schaben,24,Female,eschabenk1@nydailynews.com,407-718-9933,Apt 99,Orlando,Florida,32859
723,Robinet,Kiddell,67,Male,rkiddellk2@intel.com,850-171-4572,2nd Floor,Pensacola,Florida,32526
724,Sela,Blodgett,66,Female,sblodgettk3@yolasite.com,859-588-7238,Room 1187,Lexington,Kentucky,40515
725,Georgie,Ibotson,17,Female,gibotsonk4@moonfruit.com,203-449-3745,Room 756,New Haven,Connecticut,6510
726,Marysa,Skewis,54,Female,mskewisk5@toplist.cz,412-493-0113,Room 1695,Pittsburgh,Pennsylvania,15286
727,Sephira,Ogers,52,Female,sogersk6@ibm.com,904-634-6111,Apt 922,Jacksonville,Florida,32230
728,Wilona,Agius,91,Female,wagiusk7@ebay.co.uk,509-147-7144,Room 1043,Spokane,Washington,99260
729,Gherardo,Franz-Schoninger,17,Male,gfranzschoningerk8@independent.co.uk,626-123-4001,Apt 73,Alhambra,California,91841
730,Latrina,Jaggers,49,Female,ljaggersk9@booking.com,214-957-7935,Suite 7,Irving,Texas,75037
731,Sim,O' Borne,18,Male,soborneka@facebook.com,915-633-0642,PO Box 42234,El Paso,Texas,88553
732,Hebert,Vlasov,19,Male,hvlasovkb@sakura.ne.jp,682-561-6384,Apt 500,Fort Worth,Texas,76198
733,Derrick,Gauche,81,Male,dgauchekc@angelfire.com,786-683-4668,Apt 184,Miami,Florida,33190
734,Berti,Dalgleish,39,Other,bdalgleishkd@yandex.ru,214-477-6697,Suite 72,Dallas,Texas,75372
735,Emery,Johansen,37,Male,ejohansenke@java.com,850-203-3170,Suite 75,Panama City,Florida,32412
736,Kriste,Haysar,34,Female,khaysarkf@npr.org,402-764-0453,Suite 43,Lincoln,Nebraska,68583
737,Itch,O'Hickee,68,Male,iohickeekg@google.com.hk,713-621-7072,Suite 14,Houston,Texas,77276
738,Granger,Erie,74,Male,geriekh@ca.gov,419-101-2549,PO Box 13314,Toledo,Ohio,43610
739,Elyse,Braizier,23,Female,ebraizierki@washingtonpost.com,714-461-2308,Apt 133,Anaheim,California,92825
740,Loella,Dessant,41,Female,ldessantkj@ft.com,508-705-7058,Apt 881,Cambridge,Massachusetts,2142
741,Darrel,Mattschas,41,Male,dmattschaskk@usnews.com,818-458-1352,Suite 14,Torrance,California,90510
742,Euphemia,Jentet,84,Female,ejentetkl@privacy.gov.au,402-676-2281,PO Box 6536,Omaha,Nebraska,68124
743,Danit,Denisevich,95,Female,ddenisevichkm@wufoo.com,323-244-8114,9th Floor,Los Angeles,California,90005
744,Deny,Meins,37,Other,dmeinskn@wordpress.com,806-703-2767,15th Floor,Lubbock,Texas,79415
745,Mitzi,Pawlyn,40,Female,mpawlynko@cdbaby.com,607-816-9641,8th Floor,Elmira,New York,14905
746,Bridie,Moukes,33,Female,bmoukeskp@cyberchimps.com,217-574-6901,Room 1093,Springfield,Illinois,62705
747,Carol-jean,Lornsen,70,Female,clornsenkq@moonfruit.com,304-761-3277,Suite 97,Huntington,West Virginia,25705
748,Durant,Redmond,19,Male,dredmondkr@ox.ac.uk,661-775-1153,Room 1290,Bakersfield,California,93386
749,Prissie,Mulcock,55,Female,pmulcockks@bloomberg.com,775-164-4270,11th Floor,Reno,Nevada,89595
750,Ashely,Gerault,92,Female,ageraultkt@chron.com,850-765-0624,17th Floor,Panama City,Florida,32405
751,Mella,New,57,Female,mnewku@fda.gov,812-567-0189,PO Box 17612,Evansville,Indiana,47737
752,Revkah,Barnfather,86,Female,rbarnfatherkv@eventbrite.com,208-624-7296,Apt 1722,Pocatello,Idaho,83206
753,Chaim,Bernardeau,20,Other,cbernardeaukw@stumbleupon.com,330-547-1159,PO Box 88055,Youngstown,Ohio,44555
754,Morris,Dowles,37,Male,mdowleskx@de.vu,217-182-1934,PO Box 68900,Springfield,Illinois,62711
755,Garek,Braden,42,Male,gbradenky@multiply.com,641-393-5878,18th Floor,Des Moines,Iowa,50315
756,Zandra,Richemond,49,Female,zrichemondkz@ihg.com,209-955-6465,Room 1946,Modesto,California,95397
757,Darbee,Salthouse,41,Male,dsalthousel0@usatoday.com,850-681-7973,Apt 1056,Pensacola,Florida,32526
758,Esme,Dawley,17,Female,edawleyl1@topsy.com,540-895-5604,Suite 51,Roanoke,Virginia,24020
759,Kit,Myers,37,Male,kmyersl2@naver.com,903-512-8322,Apt 259,Tyler,Texas,75799
760,Abigale,Commusso,93,Female,acommussol3@elpais.com,704-667-3826,18th Floor,Charlotte,North Carolina,28235
761,Agna,Broxholme,95,Female,abroxholmel4@hao123.com,414-520-0724,1st Floor,Milwaukee,Wisconsin,53210
762,Andreas,Simonutti,30,Male,asimonuttil5@domainmarket.com,321-414-2798,Suite 10,Melbourne,Florida,32919
763,Maible,Presslee,99,Other,mpressleel6@nbcnews.com,816-485-1432,Suite 96,Kansas City,Missouri,64101
764,Ellyn,Lowe,96,Female,elowel7@dailymail.co.uk,401-917-6740,Room 1946,Providence,Rhode Island,2912
765,Emeline,Oakwood,42,Female,eoakwoodl8@ted.com,907-288-5318,PO Box 86275,Anchorage,Alaska,99599
766,Ted,Kick,17,Male,tkickl9@fc2.com,812-693-6352,PO Box 28996,Terre Haute,Indiana,47805
767,Lucien,Rollin,70,Other,lrollinla@house.gov,717-833-3759,PO Box 65348,Harrisburg,Pennsylvania,17126
768,Barbara,Brunskill,76,Female,bbrunskilllb@cdbaby.com,865-824-2248,Room 1309,Knoxville,Tennessee,37995
769,Dyanna,Tembey,25,Female,dtembeylc@twitter.com,615-365-8099,Suite 71,Nashville,Tennessee,37205
770,Iggie,Gowrie,80,Male,igowrield@microsoft.com,718-998-6759,Room 1670,Brooklyn,New York,11225
771,Ike,Burkin,94,Male,iburkinle@angelfire.com,509-643-2142,PO Box 25849,Spokane,Washington,99210
772,Windham,Cant,58,Male,wcantlf@histats.com,770-772-5965,Suite 43,Atlanta,Georgia,30316
773,Kayla,Marklow,67,Female,kmarklowlg@taobao.com,718-622-6027,Apt 925,New York City,New York,10009
774,Bary,Fiddymont,98,Male,bfiddymontlh@canalblog.com,859-952-6787,1st Floor,Lexington,Kentucky,40596
775,Melly,Sitlinton,17,Female,msitlintonli@ustream.tv,971-328-8951,Apt 1017,Salem,Oregon,97312
776,Astra,Eaglestone,84,Female,aeaglestonelj@time.com,864-300-5828,PO Box 16426,Anderson,South Carolina,29625
777,Pippo,Dowse,68,Male,pdowselk@msu.edu,612-684-2049,12th Floor,Minneapolis,Minnesota,55436
778,Hyman,Astall,81,Male,hastallll@cdc.gov,763-470-4045,Apt 547,Minneapolis,Minnesota,55441
779,Alasdair,Sibary,33,Male,asibarylm@shop-pro.jp,919-332-9481,Suite 98,Raleigh,North Carolina,27626
780,Godfrey,Vowell,96,Male,gvowellln@kickstarter.com,202-199-5199,Suite 14,Washington,District of Columbia,20442
781,Prentiss,MacKellar,48,Male,pmackellarlo@homestead.com,386-485-3499,PO Box 15784,Daytona Beach,Florida,32128
782,Belicia,Checcucci,28,Female,bcheccuccilp@goo.gl,360-960-9203,PO Box 85524,Vancouver,Washington,98682
783,Hadleigh,Rigard,32,Male,hrigardlq@reddit.com,303-481-5662,Apt 644,Denver,Colorado,80270
784,Rosetta,Howgego,22,Female,rhowgegolr@ibm.com,213-386-4127,Suite 88,North Hollywood,California,91616
785,Mei,Maffei,15,Other,mmaffeils@google.cn,256-852-7130,PO Box 39498,Huntsville,Alabama,35895
786,Britt,Norres,30,Male,bnorreslt@unc.edu,571-242-6878,11th Floor,Arlington,Virginia,22225
787,Wally,Lalley,73,Female,wlalleylu@netlog.com,540-341-4250,Suite 61,Roanoke,Virginia,24004
788,Tine,Frango,48,Female,tfrangolv@wikispaces.com,816-722-3325,Suite 17,Kansas City,Missouri,64101
789,Rogers,Parlatt,56,Male,rparlattlw@sun.com,267-910-1596,Suite 61,Philadelphia,Pennsylvania,19115
790,Kelley,Sircomb,52,Female,ksircomblx@wordpress.org,808-767-3699,Apt 1498,Honolulu,Hawaii,96810
791,Meg,Steanson,78,Other,msteansonly@fastcompany.com,862-801-3730,PO Box 98222,Newark,New Jersey,7195
792,Gorden,Gidman,68,Male,ggidmanlz@goo.gl,602-188-4033,Apt 403,Phoenix,Arizona,85040
793,Clim,Rosencrantz,88,Male,crosencrantzm0@nbcnews.com,410-454-0304,Apt 1192,Baltimore,Maryland,21216
794,Junia,Lympenie,44,Female,jlympeniem1@constantcontact.com,619-463-4571,Room 1737,San Diego,California,92160
795,Ranique,Reinbach,86,Female,rreinbachm2@google.fr,602-763-5267,Apt 1055,Phoenix,Arizona,85062
796,Algernon,Wrench,43,Male,awrenchm3@shareasale.com,785-946-2097,Suite 61,Topeka,Kansas,66699
797,Beilul,Sacase,48,Female,bsacasem4@tumblr.com,815-711-4032,Room 799,Rockford,Illinois,61110
798,Sadye,Eames,33,Female,seamesm5@springer.com,850-755-1688,12th Floor,Pensacola,Florida,32575
799,Whitby,Cotillard,79,Male,wcotillardm6@umn.edu,347-979-6363,Room 1101,New York City,New York,10019
800,Monica,Peter,36,Female,mpeterm7@oracle.com,915-814-0894,Room 1878,El Paso,Texas,88584
801,Valdemar,Dericot,70,Male,vdericotm8@pinterest.com,702-310-1991,PO Box 21306,Las Vegas,Nevada,89120
802,Robbi,Broek,55,Female,rbroekm9@statcounter.com,303-266-5949,Room 473,Denver,Colorado,80262
803,Annora,May,89,Female,amayma@canalblog.com,503-496-3690,Room 1402,Portland,Oregon,97232
804,Marcos,Sheeran,71,Male,msheeranmb@youtube.com,786-911-7161,Room 1133,Miami,Florida,33164
805,Lemmy,Gorse,92,Male,lgorsemc@digg.com,310-160-7565,Room 1768,Inglewood,California,90310
806,Larry,Houson,23,Male,lhousonmd@com.com,209-632-5722,Room 1667,Stockton,California,95205
807,Kirsti,Fenn,21,Female,kfennme@twitter.com,740-522-1252,Room 160,Columbus,Ohio,43240
808,Jarib,Prowse,88,Male,jprowsemf@51.la,214-210-2106,20th Floor,Mesquite,Texas,75185
809,Huberto,Horsewood,24,Male,hhorsewoodmg@github.io,804-211-2228,Room 927,Richmond,Virginia,23203
810,Ruthanne,Di Biasio,30,Female,rdibiasiomh@ox.ac.uk,410-989-8040,1st Floor,Baltimore,Maryland,21282
811,Andria,Fellona,58,Female,afellonami@joomla.org,918-612-8268,Room 239,Tulsa,Oklahoma,74108
812,Damiano,Clines,49,Male,dclinesmj@themeforest.net,515-394-1511,19th Floor,Des Moines,Iowa,50320
813,Shina,Artis,52,Other,sartismk@house.gov,213-167-4447,Suite 13,Van Nuys,California,91499
814,Shaun,Dericot,39,Male,sdericotml@shareasale.com,775-527-2166,17th Floor,Reno,Nevada,89595
815,Bunnie,Richie,97,Female,brichiemm@rakuten.co.jp,419-152-4298,Room 922,Toledo,Ohio,43615
816,Cortie,Hrishchenko,75,Male,chrishchenkomn@yale.edu,415-713-5720,PO Box 62692,San Francisco,California,94116
817,Goober,Jubb,38,Male,gjubbmo@virginia.edu,409-706-4447,Room 1780,Spring,Texas,77388
818,Fred,Oakey,27,Male,foakeymp@patch.com,513-335-3421,Suite 24,Cincinnati,Ohio,45999
819,Harri,Riddell,68,Female,hriddellmq@edublogs.org,858-236-6541,PO Box 14354,San Diego,California,92110
820,Tomas,Dillintone,21,Male,tdillintonemr@pen.io,808-614-5822,Room 46,Honolulu,Hawaii,96850
821,Janeva,Castaner,31,Female,jcastanerms@arizona.edu,682-580-4981,Apt 1637,Fort Worth,Texas,76198
822,Dun,Newlands,78,Male,dnewlandsmt@unc.edu,504-857-4272,Suite 97,New Orleans,Louisiana,70174
823,Felice,O'Crowley,57,Male,focrowleymu@hubpages.com,504-374-6378,Suite 61,New Orleans,Louisiana,70183
824,Justen,Kinvan,27,Male,jkinvanmv@sun.com,504-899-5330,6th Floor,New Orleans,Louisiana,70165
825,Aurie,Garn,42,Female,agarnmw@upenn.edu,785-980-6773,7th Floor,Topeka,Kansas,66667
826,Pen,Behnke,21,Male,pbehnkemx@imgur.com,912-585-5489,Room 1503,Savannah,Georgia,31416
827,Andros,Furtado,48,Male,afurtadomy@photobucket.com,480-511-6639,Suite 100,Gilbert,Arizona,85297
828,Jdavie,Lear,74,Male,jlearmz@cam.ac.uk,702-687-9566,Apt 455,North Las Vegas,Nevada,89087
829,Debi,Gales,48,Female,dgalesn0@examiner.com,941-965-1237,Room 1238,Seminole,Florida,34642
830,Shayla,Vanlint,16,Other,svanlintn1@un.org,347-382-5981,Apt 531,Brooklyn,New York,11241
831,Hagen,Upshall,18,Male,hupshalln2@foxnews.com,214-826-4862,PO Box 60379,Garland,Texas,75049
832,Ardis,Hurlston,16,Female,ahurlstonn3@scribd.com,971-897-9346,Room 122,Portland,Oregon,97240
833,Fran,Konzelmann,87,Male,fkonzelmannn4@google.es,816-533-3753,PO Box 54845,Kansas City,Missouri,64114
834,Palmer,Pionter,79,Male,ppiontern5@sciencedaily.com,601-655-9269,Suite 84,Jackson,Mississippi,39210
835,Leslie,Moyler,56,Male,lmoylern6@cloudflare.com,214-819-6766,PO Box 99348,Dallas,Texas,75372
836,Hortensia,Macieiczyk,56,Female,hmacieiczykn7@hatena.ne.jp,480-407-6647,Room 1588,Scottsdale,Arizona,85271
837,Ricky,Rouch,42,Female,rrouchn8@marriott.com,936-126-7647,Suite 59,Huntsville,Texas,77343
838,Leigh,Hein,79,Female,lheinn9@psu.edu,718-913-5433,Room 1128,Brooklyn,New York,11205
839,Ethelin,Lathwell,38,Female,elathwellna@qq.com,336-714-7079,Apt 1902,Greensboro,North Carolina,27415
840,Ammamaria,O'Mahoney,45,Female,aomahoneynb@domainmarket.com,330-859-7735,Suite 58,Warren,Ohio,44485
841,Barri,Ghio,91,Male,bghionc@tumblr.com,502-358-1381,Room 500,Frankfort,Kentucky,40618
842,Ozzy,Ely,94,Male,oelynd@amazon.co.jp,202-598-8494,Apt 731,Washington,District of Columbia,20503
843,Efrem,Renton,43,Male,erentonne@squidoo.com,520-219-4878,Room 161,Tucson,Arizona,85748
844,Peyton,Regitz,47,Male,pregitznf@salon.com,646-875-0708,7th Floor,New York City,New York,10099
845,Joannes,Rentoll,50,Female,jrentollng@gmpg.org,434-187-5444,15th Floor,Durham,North Carolina,27705
846,Dew,Jouhandeau,88,Male,djouhandeaunh@gmpg.org,818-360-3245,Apt 572,Northridge,California,91328
847,Sanders,McTear,78,Male,smctearni@weebly.com,254-634-5249,Apt 1272,Gatesville,Texas,76598
848,Camala,Dare,91,Female,cdarenj@mozilla.org,530-832-1747,Room 1552,South Lake Tahoe,California,96154
849,Raddie,Easun,37,Male,reasunnk@icio.us,516-545-3067,Apt 511,Port Washington,New York,11054
850,Octavius,Peert,15,Male,opeertnl@cafepress.com,619-760-9559,PO Box 17153,San Diego,California,92160
851,Jereme,Pyner,15,Male,jpynernm@godaddy.com,916-342-7815,4th Floor,Sacramento,California,95894
852,Bonnee,Tarquinio,44,Other,btarquinionn@addtoany.com,216-862-9371,Apt 1478,Cleveland,Ohio,44130
853,Terrance,Marquess,19,Male,tmarquessno@godaddy.com,559-263-4430,10th Floor,Fresno,California,93762
854,Sena,Gilpillan,63,Female,sgilpillannp@hexun.com,202-416-4613,Room 813,Washington,District of Columbia,20520
855,Dennis,Borwick,44,Male,dborwicknq@wikispaces.com,407-220-8703,Suite 87,Orlando,Florida,32825
856,Stacee,Stobo,14,Male,sstobonr@globo.com,646-667-3675,PO Box 84670,New York City,New York,10034
857,Ulrika,Norwich,45,Female,unorwichns@google.de,402-778-0725,Apt 849,Omaha,Nebraska,68110
858,Avery,Pohlke,21,Male,apohlkent@freewebs.com,713-756-1057,PO Box 29882,Houston,Texas,77223
859,Angelica,Hellwing,76,Other,ahellwingnu@fda.gov,702-120-0106,Suite 64,Las Vegas,Nevada,89105
860,Hube,Starbeck,78,Male,hstarbecknv@ted.com,719-323-2444,Apt 120,Colorado Springs,Colorado,80930
861,Curr,Owbridge,30,Male,cowbridgenw@friendfeed.com,229-760-9247,Suite 74,Valdosta,Georgia,31605
862,Abraham,Mulqueeny,81,Male,amulqueenynx@wufoo.com,314-153-1622,PO Box 91312,Saint Louis,Missouri,63150
863,Cletis,Oiseau,21,Male,coiseauny@psu.edu,505-437-5491,Room 1037,Albuquerque,New Mexico,87195
864,Rickey,Langabeer,49,Male,rlangabeernz@usatoday.com,910-744-2768,Suite 23,Fayetteville,North Carolina,28305
865,Allen,Aspall,87,Male,aaspallo0@illinois.edu,520-475-2948,19th Floor,Phoenix,Arizona,85025
866,Joela,Coast,96,Female,jcoasto1@columbia.edu,504-471-0736,Suite 73,New Orleans,Louisiana,70183
867,Chancey,Tolcher,89,Male,ctolchero2@technorati.com,520-404-5198,Apt 1482,Tucson,Arizona,85715
868,Marne,Thurbon,22,Female,mthurbono3@reverbnation.com,865-296-0548,PO Box 92543,Knoxville,Tennessee,37939
869,Lorilee,Formie,69,Female,lformieo4@house.gov,801-260-6574,Apt 430,Salt Lake City,Utah,84199
870,Arturo,Whinray,22,Other,awhinrayo5@mediafire.com,806-834-7784,2nd Floor,Amarillo,Texas,79182
871,Byrle,McVane,35,Male,bmcvaneo6@irs.gov,651-992-3164,Apt 460,Minneapolis,Minnesota,55402
872,Alexis,Maidlow,18,Female,amaidlowo7@home.pl,415-263-7432,PO Box 44576,San Francisco,California,94137
873,Wilburt,Tofpik,54,Male,wtofpiko8@wikispaces.com,513-406-4015,PO Box 36698,Cincinnati,Ohio,45213
874,Miner,Vondruska,71,Male,mvondruskao9@1688.com,702-249-9189,Apt 1280,Las Vegas,Nevada,89178
875,Cleavland,De Pietri,22,Male,cdepietrioa@blogtalkradio.com,209-730-2494,Suite 45,Modesto,California,95397
876,Prent,Camm,72,Male,pcammob@etsy.com,217-753-3300,Apt 1504,Springfield,Illinois,62718
877,Pace,Barrington,33,Other,pbarringtonoc@dailymail.co.uk,202-952-6351,Apt 1646,Washington,District of Columbia,20525
878,Tildi,Gregan,26,Female,tgreganod@hostgator.com,615-882-3810,4th Floor,Nashville,Tennessee,37215
879,Edee,La Rosa,26,Female,elarosaoe@ibm.com,615-441-3308,Suite 92,Nashville,Tennessee,37215
880,Laetitia,Lunn,83,Female,llunnof@cnet.com,910-944-2005,6th Floor,Fayetteville,North Carolina,28305
881,Ingaberg,Rhymer,29,Female,irhymerog@bing.com,772-704-2186,PO Box 49821,Fort Pierce,Florida,34981
882,Marchall,Sly,63,Male,mslyoh@shinystat.com,704-265-4688,Room 1484,Charlotte,North Carolina,28205
883,Worthy,Dutteridge,63,Male,wdutteridgeoi@storify.com,603-777-9910,4th Floor,Manchester,New Hampshire,3105
884,Robinet,Petters,18,Other,rpettersoj@engadget.com,571-671-9403,Suite 52,Arlington,Virginia,22217
885,Pier,Dearan,67,Female,pdearanok@weather.com,713-102-5258,19th Floor,Houston,Texas,77260
886,Gib,Fairbrother,37,Male,gfairbrotherol@noaa.gov,402-643-8096,3rd Floor,Omaha,Nebraska,68179
887,Odele,Lawrance,74,Female,olawranceom@altervista.org,913-255-2605,PO Box 96079,Shawnee Mission,Kansas,66215
888,Ernestus,Bleasdale,80,Other,ebleasdaleon@networksolutions.com,937-378-0896,Apt 35,Dayton,Ohio,45454
889,Kendrick,Golden,47,Male,kgoldenoo@oakley.com,213-671-9859,Suite 65,Los Angeles,California,90081
890,Issiah,Ullett,25,Male,iullettop@ft.com,850-699-0506,Suite 19,Tallahassee,Florida,32309
891,Royal,Brummell,66,Male,rbrummelloq@weibo.com,323-598-3319,PO Box 59824,Los Angeles,California,90071
892,Romonda,Carlone,52,Other,rcarloneor@squidoo.com,615-125-5226,Room 1421,Nashville,Tennessee,37205
893,Bartie,Musgrove,85,Male,bmusgroveos@weibo.com,850-554-7510,1st Floor,Pensacola,Florida,32526
894,Caryl,Pahler,31,Male,cpahlerot@state.tx.us,251-556-2406,PO Box 57224,Mobile,Alabama,36628
895,Alyosha,Dyet,65,Male,adyetou@arizona.edu,901-331-2061,Room 933,Memphis,Tennessee,38197
896,Liza,Bruckent,29,Female,lbruckentov@hexun.com,517-760-3962,PO Box 62161,Lansing,Michigan,48901
897,Hulda,Lambart,56,Female,hlambartow@gravatar.com,757-965-7014,Suite 94,Chesapeake,Virginia,23324
898,Danyelle,Grewes,45,Female,dgrewesox@toplist.cz,803-148-1059,Apt 123,Aiken,South Carolina,29805
899,Ranee,Pettisall,89,Female,rpettisalloy@sohu.com,812-972-7593,PO Box 5581,Evansville,Indiana,47737
900,Jobie,MacPharlain,72,Female,jmacpharlainoz@istockphoto.com,515-501-9612,Suite 3,Des Moines,Iowa,50335
901,Tull,Durrington,89,Male,tdurringtonp0@gravatar.com,315-464-3079,14th Floor,Utica,New York,13505
902,Jerry,Routh,44,Male,jrouthp1@storify.com,810-311-3801,Apt 204,Flint,Michigan,48555
903,Eve,Garman,54,Female,egarmanp2@qq.com,603-337-2013,Room 107,Portsmouth,New Hampshire,214
904,Horacio,Bagguley,56,Male,hbagguleyp3@census.gov,903-884-3331,6th Floor,Tyler,Texas,75705
905,Sara-ann,Springett,66,Female,sspringettp4@infoseek.co.jp,949-836-7354,Suite 40,Anaheim,California,92805
906,Roger,Lindenberg,21,Male,rlindenbergp5@ibm.com,360-825-1966,Suite 63,Vancouver,Washington,98682
907,Siobhan,Whitehorne,78,Female,swhitehornep6@amazon.de,216-101-5826,Room 1414,Cleveland,Ohio,44197
908,Andreas,Josham,91,Male,ajoshamp7@photobucket.com,208-113-9326,Suite 20,Portland,Oregon,97211
909,Gordie,Goldup,70,Male,ggoldupp8@ning.com,916-108-0203,Suite 81,Sacramento,California,94207
910,Phillida,Tosdevin,25,Female,ptosdevinp9@t-online.de,915-210-7176,PO Box 88718,El Paso,Texas,79989
911,Konstanze,Jachtym,60,Female,kjachtympa@oracle.com,812-457-4903,PO Box 58365,Jeffersonville,Indiana,47134
912,Homere,Yukhnev,54,Male,hyukhnevpb@imgur.com,317-284-3882,12th Floor,Indianapolis,Indiana,46254
913,Ingelbert,MacPeice,65,Male,imacpeicepc@google.co.uk,601-975-1983,20th Floor,Hattiesburg,Mississippi,39404
914,Antoine,Thomson,24,Male,athomsonpd@csmonitor.com,727-784-8841,Room 1657,Tampa,Florida,33625
915,Farlie,McSporrin,92,Male,fmcsporrinpe@kickstarter.com,773-928-6397,Room 1045,Chicago,Illinois,60614
916,Kerwin,Nolte,41,Male,knoltepf@va.gov,605-472-2777,Apt 503,Sioux Falls,South Dakota,57188
917,Aleece,Shivlin,96,Female,ashivlinpg@livejournal.com,904-745-7433,Room 1948,Jacksonville,Florida,32244
918,Sheba,Mocquer,17,Female,smocquerph@nsw.gov.au,757-932-5022,Room 1776,Hampton,Virginia,23663
919,Daisie,Jerger,51,Female,djergerpi@webs.com,559-657-2414,Suite 59,Fresno,California,93786
920,Daffy,Fewkes,36,Female,dfewkespj@sciencedirect.com,716-385-8918,Suite 12,Buffalo,New York,14210
921,Karola,McVie,88,Female,kmcviepk@gov.uk,281-510-1668,Suite 35,Houston,Texas,77055
922,Dominique,Schulze,76,Female,dschulzepl@cdc.gov,850-465-9486,Room 654,Tallahassee,Florida,32314
923,Aridatha,Bielfeld,88,Female,abielfeldpm@artisteer.com,805-134-7610,Room 698,Oxnard,California,93034
924,Glyn,Cardus,42,Female,gcarduspn@jigsy.com,585-310-2696,Apt 189,Rochester,New York,14652
925,Iggie,Dearlove,87,Male,idearlovepo@shutterfly.com,863-907-8457,Room 1200,Lakeland,Florida,33811
926,Steffie,MacKibbon,96,Female,smackibbonpp@hp.com,562-569-4110,Apt 1335,Los Angeles,California,90045
927,Joelly,Money,27,Female,jmoneypq@spotify.com,412-886-6713,PO Box 81623,Pittsburgh,Pennsylvania,15286
928,Darb,Stenbridge,52,Female,dstenbridgepr@rambler.ru,212-295-2787,PO Box 33288,New York City,New York,10090
929,Janette,Skates,76,Female,jskatesps@mozilla.org,954-598-6559,Room 947,Hollywood,Florida,33028
930,Hannie,Melwall,17,Female,hmelwallpt@infoseek.co.jp,303-511-4525,Suite 51,Denver,Colorado,80217
931,Inigo,Buske,96,Male,ibuskepu@statcounter.com,754-601-0920,PO Box 63041,Fort Lauderdale,Florida,33355
932,Marcel,Gillon,32,Male,mgillonpv@technorati.com,210-497-0504,Apt 1651,San Antonio,Texas,78260
933,Saleem,Braybrookes,78,Male,sbraybrookespw@loc.gov,616-660-0050,PO Box 39423,Grand Rapids,Michigan,49505
934,Silvie,Licciardi,68,Female,slicciardipx@angelfire.com,478-875-9080,Apt 1798,Macon,Georgia,31296
935,Steven,Lowbridge,22,Male,slowbridgepy@berkeley.edu,814-678-9860,11th Floor,Johnstown,Pennsylvania,15906
936,Terrye,Quoit,98,Female,tquoitpz@yelp.com,212-829-7922,10th Floor,New York City,New York,10260
937,Ray,Hassett,88,Female,rhassettq0@ucla.edu,501-196-0828,Suite 60,Hot Springs National Park,Arkansas,71914
938,Nesta,Tommasi,98,Female,ntommasiq1@deviantart.com,813-296-3789,Apt 19,Saint Petersburg,Florida,33705
939,Harry,Luckie,88,Male,hluckieq2@nps.gov,757-604-5414,PO Box 14122,Norfolk,Virginia,23514
940,Carmelina,Castellaccio,41,Female,ccastellaccioq3@instagram.com,832-498-1600,20th Floor,Houston,Texas,77005
941,Becki,Ollerhad,97,Female,bollerhadq4@feedburner.com,203-842-7646,Suite 8,Waterbury,Connecticut,6705
942,Athena,Grundon,89,Female,agrundonq5@technorati.com,901-809-6261,Apt 1216,Memphis,Tennessee,38181
943,Joannes,Satford,59,Female,jsatfordq6@addthis.com,256-971-6578,Suite 27,Huntsville,Alabama,35815
944,Vivia,Pleaden,51,Female,vpleadenq7@who.int,312-638-7447,Apt 1854,Chicago,Illinois,60681
945,Bonnee,Mitcham,23,Female,bmitchamq8@digg.com,256-916-9265,Suite 30,Huntsville,Alabama,35805
946,Launce,Meiklem,73,Male,lmeiklemq9@npr.org,407-223-8030,PO Box 46562,Orlando,Florida,32813
947,Alexio,Van den Oord,66,Male,avandenoordqa@springer.com,716-857-2353,Apt 1145,Buffalo,New York,14215
948,Rance,Cure,98,Male,rcureqb@chronoengine.com,419-700-3702,Suite 97,Mansfield,Ohio,44905
949,Abbie,Bolitho,29,Female,abolithoqc@fotki.com,530-985-2658,Suite 15,South Lake Tahoe,California,96154
950,Timothy,Fardy,18,Male,tfardyqd@theguardian.com,201-990-9229,Suite 44,Newark,New Jersey,7112
951,Arch,Law,66,Male,alawqe@aboutads.info,765-726-4973,Apt 808,Muncie,Indiana,47306
952,Katerina,Raisbeck,86,Female,kraisbeckqf@1688.com,262-701-5071,6th Floor,Milwaukee,Wisconsin,53205
953,Analiese,Diggle,40,Female,adiggleqg@drupal.org,916-864-3149,Apt 220,Sacramento,California,94230
954,Paula,Turnpenny,54,Female,pturnpennyqh@t.co,309-259-8840,14th Floor,Carol Stream,Illinois,60351
955,Alexi,Benoey,85,Female,abenoeyqi@sakura.ne.jp,214-203-3108,11th Floor,Dallas,Texas,75387
956,Ransom,Beardwood,17,Male,rbeardwoodqj@ted.com,952-409-2661,Suite 64,Young America,Minnesota,55557
957,Meridel,Mounsie,90,Female,mmounsieqk@smh.com.au,415-563-8657,Room 1638,San Francisco,California,94142
958,Mark,Baulk,47,Male,mbaulkql@vk.com,941-592-1689,Apt 845,Sarasota,Florida,34276
959,Kingsly,Bosher,36,Male,kbosherqm@shareasale.com,202-136-6517,Room 1350,Washington,District of Columbia,20575
960,Lenna,Blore,63,Female,lbloreqn@nydailynews.com,561-187-7721,2nd Floor,Delray Beach,Florida,33448
961,Oneida,Duthie,52,Female,oduthieqo@com.com,601-567-7672,Room 669,Jackson,Mississippi,39296
962,Ilysa,Conti,90,Female,icontiqp@shinystat.com,713-284-5861,Suite 14,Houston,Texas,77271
963,Peria,Kynsey,43,Female,pkynseyqq@soundcloud.com,501-375-1944,Room 239,Hot Springs National Park,Arkansas,71914
964,Sonnie,Rubenov,59,Female,srubenovqr@ca.gov,202-494-3643,6th Floor,Washington,District of Columbia,20456
965,Gaylene,Lamplugh,33,Female,glamplughqs@reuters.com,817-260-7283,Room 1817,Fort Worth,Texas,76147
966,Boy,Aucott,16,Male,baucottqt@nasa.gov,619-938-6433,Apt 1531,San Diego,California,92186
967,Thomasina,Kem,83,Female,tkemqu@pen.io,202-173-4875,Apt 1787,Washington,District of Columbia,20380
968,Herculie,Gipson,21,Male,hgipsonqv@usda.gov,315-387-7193,13th Floor,Syracuse,New York,13205
969,Muffin,Spere,66,Female,mspereqw@google.co.jp,713-346-4992,Suite 5,Houston,Texas,77045
970,Maure,Bampkin,68,Female,mbampkinqx@a8.net,505-494-2411,PO Box 59274,Albuquerque,New Mexico,87190
971,Mozes,Masham,90,Male,mmashamqy@eepurl.com,650-835-9805,PO Box 55759,Sunnyvale,California,94089
972,Inglebert,Leupoldt,89,Male,ileupoldtqz@arizona.edu,210-142-9837,Apt 1459,San Antonio,Texas,78265
973,Jamima,Deely,67,Female,jdeelyr0@foxnews.com,973-842-0732,Apt 1042,Newark,New Jersey,7112
974,Bernie,Mellings,85,Male,bmellingsr1@cdc.gov,615-630-2989,Apt 1875,Nashville,Tennessee,37245
975,Jed,McCory,54,Male,jmccoryr2@cpanel.net,718-544-1445,PO Box 39496,New York City,New York,10110
976,Pascale,Roussel,65,Other,prousselr3@symantec.com,682-572-0419,Suite 9,Denton,Texas,76205
977,Nanni,Griffoen,31,Female,ngriffoenr4@bloglovin.com,763-528-7426,Room 38,Monticello,Minnesota,55590
978,Tracee,Jindra,49,Female,tjindrar5@hc360.com,817-297-0618,Apt 1374,Fort Worth,Texas,76129
979,Nickie,Ege,73,Other,neger6@arstechnica.com,773-543-0501,8th Floor,Chicago,Illinois,60657
980,Genny,Marshfield,21,Female,gmarshfieldr7@123-reg.co.uk,239-425-8950,Room 895,Fort Myers,Florida,33906
981,Alisha,Pummell,44,Female,apummellr8@twitter.com,682-241-5189,Suite 72,Fort Worth,Texas,76178
982,Zia,Alliban,64,Female,zallibanr9@hatena.ne.jp,814-394-9252,PO Box 43918,Erie,Pennsylvania,16522
983,Marya,Tebb,57,Female,mtebbra@baidu.com,616-756-9838,Apt 1812,Grand Rapids,Michigan,49560
984,Jeanie,Lighterness,27,Female,jlighternessrb@google.co.jp,919-567-3354,PO Box 82645,Durham,North Carolina,27710
985,Montague,Tedridge,16,Male,mtedridgerc@geocities.com,512-429-4679,Room 5,Austin,Texas,78769
986,Hartley,Jessup,65,Male,hjessuprd@ihg.com,941-131-9855,17th Floor,Sarasota,Florida,34238
987,Grayce,Sich,46,Female,gsichre@elpais.com,712-703-6394,4th Floor,Sioux City,Iowa,51110
988,Jsandye,Cornils,87,Female,jcornilsrf@deliciousdays.com,302-548-9121,Suite 68,Wilmington,Delaware,19810
989,Dag,Reven,76,Male,drevenrg@elpais.com,440-549-0488,15th Floor,Cleveland,Ohio,44130
990,Zach,Craydon,28,Other,zcraydonrh@seattletimes.com,202-478-3362,17th Floor,Washington,District of Columbia,20566
991,Ellwood,Applewhite,39,Male,eapplewhiteri@sohu.com,915-687-0579,Suite 54,El Paso,Texas,88589
992,Orelia,Tumasian,79,Female,otumasianrj@mtv.com,405-273-6861,Room 301,Oklahoma City,Oklahoma,73179
993,Brandy,Sewter,59,Male,bsewterrk@ebay.com,205-144-1476,15th Floor,Birmingham,Alabama,35279
994,Lennie,Iacovaccio,90,Male,liacovacciorl@sciencedaily.com,864-620-8856,Suite 22,Greenville,South Carolina,29615
995,Daven,Dudeney,44,Male,ddudeneyrm@wunderground.com,202-294-0958,Apt 1083,Washington,District of Columbia,20599
996,Arlyne,McElhinney,98,Female,amcelhinneyrn@dedecms.com,563-611-7721,PO Box 17280,Davenport,Iowa,52804
997,Reginauld,Dollar,62,Male,rdollarro@google.co.jp,316-625-3011,Room 1509,Wichita,Kansas,67205
998,Germain,Kench,87,Female,gkenchrp@e-recht24.de,251-125-8954,Suite 81,Mobile,Alabama,36628
999,Pauline,Camp,70,Female,pcamprq@geocities.jp,214-943-5451,Apt 1176,Irving,Texas,75062
1000,Fidel,Crocombe,58,Other,fcrocomberr@ucoz.ru,772-847-5921,14th Floor,Vero Beach,Florida,32969
